Date,Open,High,Low,Close,Total Trade Quantity
01-Jan-15,475.5,477.2,472.52,476.02,1772470
02-Jan-15,475.2,484.65,475.2,482.65,2950192
05-Jan-15,485,485.27,477.55,478.58,2398000
06-Jan-15,477,478.27,468.77,471.12,4109840
07-Jan-15,469.85,475.67,468.12,472.5,2873056
08-Jan-15,477.12,484.48,474.1,482.42,4762912
09-Jan-15,486.45,490,483.3,487.83,4492592
12-Jan-15,484.7,487.2,482.25,483.52,2063206
13-Jan-15,484.48,485.98,477.85,481.67,2914174
14-Jan-15,480.02,487.33,479.85,481.95,1842616
15-Jan-15,495,499.1,485.38,496.58,5699238
16-Jan-15,501.1,507.45,499.27,500.67,3910654
19-Jan-15,506.62,510,501.48,502.27,2119746
20-Jan-15,505,513.5,501,510.48,4252902
21-Jan-15,513.7,516.47,509.17,509.98,3370306
22-Jan-15,512.5,516.25,509.27,510.62,3235340
23-Jan-15,515,524,512.2,521.4,4993956
27-Jan-15,521.5,538.88,520.45,537.03,4981200
28-Jan-15,535,546.6,527.5,529.17,5682470
29-Jan-15,537.5,550.3,530.5,547.5,10283808
30-Jan-15,547.28,547.28,532.12,538.67,5285208
02-Feb-15,534.25,546.5,526.17,540.8,2855176
03-Feb-15,539.25,541.1,527.65,532.05,5100344
04-Feb-15,531.5,540.4,528.62,533.85,3098756
05-Feb-15,537.5,546.4,535.17,538.25,4029574
06-Feb-15,538.5,539.47,525.03,526.75,3451560
09-Feb-15,523.5,525.88,517.25,520.05,2615948
10-Feb-15,515,531.15,515,527.22,4637876
11-Feb-15,529,532.4,526.5,529.2,2080794
12-Feb-15,532.55,540.95,526.35,538,2762870
13-Feb-15,540.6,541,531.8,532.9,3857250
16-Feb-15,537.9,542.5,531.25,533.78,3694358
18-Feb-15,533.78,541.47,528.53,537.4,2690846
19-Feb-15,537,542.45,531.9,539.9,2253502
20-Feb-15,541.5,544.95,534.25,536.53,3103012
23-Feb-15,538.55,540.78,531,533.75,2790782
24-Feb-15,535.15,535.5,528.55,533.83,2923144
25-Feb-15,535,537.4,525,526.22,2324262
26-Feb-15,526.83,528,517.55,519.08,6213472
27-Feb-15,522.72,529.28,522.72,527,5130892
28-Feb-15,531.5,538.4,522.08,535.6,5790690
02-Mar-15,540.17,549.5,534,541.28,7192616
03-Mar-15,543.22,546,538.53,541.67,3014674
04-Mar-15,552.5,554.65,530,532.65,6138812
05-Mar-15,532.5,545,531.25,542.55,4851226
09-Mar-15,538.53,540.9,528,529.5,2877904
10-Mar-15,531,531.12,522.5,526.28,2567418
11-Mar-15,525.45,530.95,525,528.22,2732768
12-Mar-15,530.05,531.95,525.55,527.3,3765418
13-Mar-15,530,532,517.3,521.33,2713390
16-Mar-15,522.5,528.95,521.25,525.78,2674386
17-Mar-15,530,532.95,521.42,529.03,2684652
18-Mar-15,530.08,535.95,526.6,531.78,2574166
19-Mar-15,535.5,536.9,524.35,526.1,2686786
20-Mar-15,525.5,529.75,522.97,527.95,3241618
23-Mar-15,527.97,529.7,523,523.88,2723370
24-Mar-15,521.65,528.5,517.72,518.97,4486782
25-Mar-15,520.03,523.35,515.55,517.12,5304450
26-Mar-15,513.45,516.1,501.05,503.48,17900310
27-Mar-15,507.48,511.77,504.05,507.33,5420448
30-Mar-15,510,519.5,506.4,518.45,3477572
31-Mar-15,519.95,519.95,507.42,511.35,2981128
01-Apr-15,513.05,518.42,506.5,516.62,1922098
06-Apr-15,517.5,518.42,509.9,515.97,3575586
07-Apr-15,516.62,519.1,511.83,516.38,3098536
08-Apr-15,520.03,521.22,515.03,517.78,2053072
09-Apr-15,519.12,529.5,515,528.05,3501392
10-Apr-15,526.5,526.5,517.42,521.33,3059662
13-Apr-15,520,523.15,517.4,519.4,2281618
15-Apr-15,520,524.35,512.6,515.83,2446998
16-Apr-15,514,516.78,509,514.83,2805060
17-Apr-15,512.55,513.92,508.02,509.12,2024506
20-Apr-15,510,512.5,501.3,502.55,2594440
21-Apr-15,502.5,507.2,497.8,501.5,3255372
22-Apr-15,503.25,510.5,496.75,506.55,3382968
23-Apr-15,510.02,512.1,503.05,506.75,4813914
24-Apr-15,509.45,509.5,500.17,503.23,3602622
27-Apr-15,503.48,506.25,498,502.73,3685352
28-Apr-15,499.77,505.73,495.05,502.27,3971054
29-Apr-15,502,504.75,494,496.58,3931782
30-Apr-15,495.5,497.5,489.52,494.4,7571842
04-May-15,497.02,504.75,496,500.48,1570724
05-May-15,499.52,501.95,492.92,493.83,2569002
06-May-15,493.75,493.75,482.75,485.3,5503848
07-May-15,484,485,472.1,475.65,5868332
08-May-15,480.75,493.9,477.7,491,5785966
11-May-15,493.02,496.38,487.02,495.15,3365672
12-May-15,495,495,483.5,485.98,5553784
13-May-15,487.92,496.7,485.8,495.12,3895924
14-May-15,494.5,497.42,487,495.52,2227594
15-May-15,497.45,498.77,492.1,495.05,4076812
18-May-15,498,506,496,504.92,2856652
19-May-15,503.17,509,499.05,503.77,2393174
20-May-15,504.83,513.4,504.77,512.03,2004420
21-May-15,512,515,507.55,512.35,1967190
22-May-15,512.35,514.5,509.17,512.15,2344768
25-May-15,514.2,515.5,508.8,511.77,2184530
26-May-15,512.22,515.1,509.02,513.7,2453172
27-May-15,511.9,520,510.7,519.08,1609296
28-May-15,519.53,521.85,511.1,514.7,4780580
29-May-15,514.97,527,513.58,525.28,2529340
01-Jun-15,524.47,528,515.5,518.1,1920660
02-Jun-15,519.2,520.15,502.45,504.4,2363004
03-Jun-15,504.5,508.5,499,502.77,2912416
04-Jun-15,504.42,508.92,497.5,507.48,2778794
05-Jun-15,505.12,509.25,501.25,505.88,3376930
08-Jun-15,502.12,506.12,497.77,501.73,1905998
09-Jun-15,502.5,503,498.55,500.92,3020130
10-Jun-15,499,509.5,498.5,507.8,3993124
11-Jun-15,508.8,509.27,497.35,500.1,4547088
12-Jun-15,500.5,505.42,495.08,504.58,3264172
15-Jun-15,501,506.88,500,502.6,2999914
16-Jun-15,500,505.23,498.52,504.2,3005262
17-Jun-15,504.5,506.75,499.75,502.35,4843134
18-Jun-15,502.95,511.9,501.12,509.8,4215858
19-Jun-15,512.4,517.47,506.58,515.25,1871162
22-Jun-15,516.05,528.45,514.25,523.58,2724826
23-Jun-15,526,530.6,521.25,526.05,2827590
24-Jun-15,527,528.9,521.35,522.9,3133698
25-Jun-15,524.12,535.42,521.33,532.5,8286784
26-Jun-15,533.5,535.47,525.75,531.42,2823752
29-Jun-15,522.45,530.88,515.25,528.33,3243918
30-Jun-15,526.12,536,524,533.58,3645068
01-Jul-15,530.67,538.5,530.03,536.17,2485594
02-Jul-15,532.5,533.85,527.83,529.1,2241722
03-Jul-15,527.03,538.08,527.03,537.12,2019644
06-Jul-15,532.03,542.5,530.12,541.75,1633890
07-Jul-15,539.25,545.75,539.25,543.42,2070736
08-Jul-15,539.55,540.3,533,534.42,2700338
09-Jul-15,531.35,538.45,530.05,537.03,1398982
10-Jul-15,534.9,547.5,534.25,545.38,2450044
13-Jul-15,542.5,552.95,542.5,548.08,3538042
14-Jul-15,547.75,550.95,543,545.92,2837058
15-Jul-15,546.5,550.72,545.4,548.35,1924702
16-Jul-15,549.4,559.5,549.05,557.35,3655212
17-Jul-15,559.7,560.88,552.8,555.28,1755494
20-Jul-15,557.97,559.5,553.5,557.62,2275634
21-Jul-15,558.28,564,546.55,549.03,5514068
22-Jul-15,548.2,558.53,544.33,557.2,3643200
23-Jul-15,556.45,558.35,550.05,553.95,2541586
24-Jul-15,551.58,557.5,550.25,553.92,2380504
27-Jul-15,551.95,552.25,535,547.92,1664286
28-Jul-15,547,556.95,546.22,554.25,3172836
29-Jul-15,552.55,558.95,552.53,554.17,1971516
30-Jul-15,553.5,558.5,550.55,555.28,4731094
31-Jul-15,557.8,560.5,551.5,555.83,2824750
03-Aug-15,556.38,558.75,546.72,547.7,2172864
04-Aug-15,549.05,551,540.97,543.22,2695464
05-Aug-15,546.08,548.85,542.6,546.1,2061390
06-Aug-15,545.95,550.67,542.72,547.97,1871856
07-Aug-15,546.97,548.75,544.3,546.33,1613570
10-Aug-15,547.5,552.97,544,547.33,1977188
11-Aug-15,547.53,549.42,542.12,547.35,1363844
12-Aug-15,544.2,547.45,533.85,535.22,3002870
13-Aug-15,538.5,541.35,533.3,538.78,1732526
14-Aug-15,541.55,551.83,539.95,550.9,1800830
17-Aug-15,549.53,550.9,537.9,545.75,1250106
18-Aug-15,545.8,548.05,539.22,543.17,928658
19-Aug-15,542.42,543.5,537.5,540.92,1502288
20-Aug-15,534,542.38,534,537.35,1522426
21-Aug-15,532,536.47,525.5,530.65,3879486
24-Aug-15,522.35,522.35,505.62,509.52,7343164
25-Aug-15,512.35,516.15,502.85,509.23,6173960
26-Aug-15,508.7,514.5,504.5,506.75,2786500
27-Aug-15,512.5,517.22,504.55,511.05,6936716
28-Aug-15,515.53,521.38,509.7,513.97,2776568
31-Aug-15,510.55,516.45,507.77,513.72,1720730
01-Sep-15,510.65,510.65,496.5,500.05,5234572
02-Sep-15,502.55,506.98,492.5,497.58,4340844
03-Sep-15,501.15,507.5,499.5,505.15,3253684
04-Sep-15,501.1,503,490,498.02,5702296
07-Sep-15,500.5,504.9,490,492.23,2690870
08-Sep-15,493.35,505,488.5,502.02,3722244
09-Sep-15,507.25,512.5,502.5,508.15,3276560
10-Sep-15,501.5,508.48,498.15,505.5,2231870
11-Sep-15,507.25,510,503.4,505.25,2150880
14-Sep-15,504.42,511.15,501.75,509.85,2530172
15-Sep-15,508.98,509.83,504.05,506.58,2166364
16-Sep-15,509.45,514.05,505.77,511.67,2127026
18-Sep-15,517.5,531,515.58,524.88,3920584
21-Sep-15,518.97,527.5,518.17,526.47,2138344
22-Sep-15,525.03,530,512.65,515.33,3012606
23-Sep-15,509.6,526.72,509.33,524.6,2580576
24-Sep-15,523.5,527,518,525.7,4126418
28-Sep-15,527.5,530,521.55,523.2,2888554
29-Sep-15,516,536.95,512.55,532.4,5209420
30-Sep-15,534,536.5,530.67,534.4,4513898
01-Oct-15,537.6,538.45,529.67,533.83,2517394
05-Oct-15,538.6,552.4,538.6,549.17,4026686
06-Oct-15,553.5,553.95,541.5,542.97,2379482
07-Oct-15,544,549.17,541.67,543.88,2193134
08-Oct-15,544.05,545.35,537.7,541.55,1940954
09-Oct-15,547.5,547.5,540.1,543.08,1721614
12-Oct-15,543.85,547.75,538.9,540.28,1108670
13-Oct-15,537.78,541.08,536.6,538.17,911826
14-Oct-15,534.4,543.25,533.53,542.38,1374574
15-Oct-15,542.85,548.25,540.5,542.08,1962976
16-Oct-15,545,550.75,542.5,550.03,2421844
19-Oct-15,550,551.05,547.15,548.9,1327110
20-Oct-15,549,551.45,545.6,547.45,1925678
21-Oct-15,549.45,552,542.5,547.5,3636602
23-Oct-15,549.72,556.85,548,554.25,2233524
26-Oct-15,556.97,557.1,548.5,550.75,2443992
27-Oct-15,547.78,557,547.78,555.45,4492016
28-Oct-15,552.53,562,552.53,555.75,3847380
29-Oct-15,555,557.25,550,551.78,3351184
30-Oct-15,551,556,545.22,549.8,4048730
02-Nov-15,547.53,547.95,538.25,541.55,1578276
03-Nov-15,545.47,546,539.6,542.45,1274296
04-Nov-15,545.03,549.05,539.12,540.85,1348222
05-Nov-15,539.25,541.5,534.75,539.92,1798476
06-Nov-15,540.35,544.5,537.62,540.45,2940502
09-Nov-15,529,534.83,525.5,532.4,5714716
10-Nov-15,530.03,532.5,526.22,527.3,2201290
11-Nov-15,527.5,530,526.22,527.2,487746
13-Nov-15,524.7,527.5,520.5,526.03,1970014
16-Nov-15,524.38,532.5,522.62,530.47,2367366
17-Nov-15,531.65,531.9,525.6,530.4,1283702
18-Nov-15,530.85,532.92,523.15,524.3,1223360
19-Nov-15,527.5,535.47,524.8,534.45,1638840
20-Nov-15,532.45,540.12,530,535.42,2324080
23-Nov-15,537,537.75,529.53,533.03,1704140
24-Nov-15,532.62,536.75,531.05,532.17,2001126
26-Nov-15,529.5,533.5,525.55,531.97,4395742
27-Nov-15,532.42,541.1,530.47,539.7,3462536
30-Nov-15,539.6,540.5,534.85,538.88,2623888
01-Dec-15,538.53,542.45,536.75,541.5,947666
02-Dec-15,545,546.35,535.92,538.9,1281142
03-Dec-15,536.25,540.5,533.65,538.38,1903856
04-Dec-15,536.8,536.8,528,529.45,2929914
07-Dec-15,534.1,535.55,530.55,530.97,2907404
08-Dec-15,530.5,530.95,523.5,524.62,2451330
09-Dec-15,523.55,528.5,522.42,523.72,1945308
10-Dec-15,522.5,531.6,521.15,530.3,3257170
11-Dec-15,530,530.3,521,523.17,1516960
14-Dec-15,520.5,529.92,520.05,527.53,2939008
15-Dec-15,526.5,531.22,522.65,529.72,2278708
16-Dec-15,531.5,536.67,529.67,533.65,3421384
17-Dec-15,536.95,542,532.5,540.12,2439006
18-Dec-15,542.5,542.5,534.25,536.5,1586064
21-Dec-15,535.88,539.95,534.53,537.7,1548750
22-Dec-15,537.25,538.25,532,533.22,1214768
23-Dec-15,536.3,538.97,534.58,537.05,1506984
24-Dec-15,538.1,538.2,534.15,537,1073176
28-Dec-15,537,539.95,533.88,538.62,3877714
29-Dec-15,539.47,539.92,535.65,538.97,2115806
30-Dec-15,540,540.97,536.28,537.15,1056280
31-Dec-15,537.5,542.45,537.5,541.08,4645004
01-Jan-16,541.2,545.12,538.08,544.38,1597538
04-Jan-16,542,542,534.05,535.25,2593768
05-Jan-16,535.1,537.4,530.67,531.2,1580436
06-Jan-16,528.33,538.38,528.33,533.55,2082768
07-Jan-16,530.05,532.45,524.85,528.1,3027714
08-Jan-16,530.97,532.25,528.62,531.17,1744178
11-Jan-16,526.03,530.5,522.65,529.3,1644456
12-Jan-16,531.95,531.95,521.75,523.47,2129368
13-Jan-16,526,531.38,518.5,530.08,2257574
14-Jan-16,525.08,528.7,519.75,524.88,3139592
15-Jan-16,524,527.72,519.05,521.08,2708630
18-Jan-16,517.83,520.72,510.5,512.92,3247694
19-Jan-16,513.6,518.78,513.15,517.9,3202606
20-Jan-16,512.5,554,503.95,509.15,4781794
21-Jan-16,510.5,516.62,506.7,511.5,3150402
22-Jan-16,512.85,522.12,511.02,515.15,2118142
25-Jan-16,519.97,523.35,516.53,520.58,5071942
27-Jan-16,524.22,524.35,516.5,517.83,2019734
28-Jan-16,519.5,523.45,515,515.85,4975986
29-Jan-16,517.6,527.47,517.6,524.92,2680092
01-Feb-16,529,533.5,526.85,529.88,2304742
02-Feb-16,532.5,532.62,525.1,526.9,3264314
03-Feb-16,522.25,525.7,521,521.92,2425122
04-Feb-16,524,527.45,522.78,524.6,2837996
05-Feb-16,526.4,531.9,522.8,527.62,3761952
08-Feb-16,527.5,529,515.15,517.92,1740962
09-Feb-16,513.35,515.78,510.33,513.03,2767730
10-Feb-16,511.95,515.08,505.05,506.48,3841140
11-Feb-16,505,506.5,484.1,487.65,4401800
12-Feb-16,489.5,493.23,483,485.7,6271072
15-Feb-16,490,494.12,485.55,486.8,5456480
16-Feb-16,490.75,491,481,486.73,3568048
17-Feb-16,488.45,489.95,479.5,487.45,3751962
18-Feb-16,493,495.62,488.5,494.73,3399928
19-Feb-16,494.38,496.3,486.75,494.65,1664330
22-Feb-16,491.5,498,491.5,494.38,2001198
23-Feb-16,492.45,492.75,483,485.02,3039160
24-Feb-16,480,481.45,473.2,474.8,3231734
25-Feb-16,477,478.62,469.1,471.33,4231598
26-Feb-16,475,485.5,472.5,480.5,3104694
29-Feb-16,480.55,491.3,464,485.92,4406376
01-Mar-16,487.48,493.38,485.92,492.08,2161280
02-Mar-16,499,505.45,497.5,503.6,3179488
03-Mar-16,505.38,510,505,507.92,2305200
04-Mar-16,507.73,512.45,496.55,510.27,2852312
08-Mar-16,512,512,504.75,507.08,956844
09-Mar-16,506.5,514.95,503.38,512.4,3264086
10-Mar-16,512.4,512.88,505.05,510.62,1335696
11-Mar-16,509.95,515.4,506.5,514.35,2365428
14-Mar-16,514,518.97,512.62,513.78,1504328
15-Mar-16,513.95,516.7,510.83,513.35,3845018
16-Mar-16,513.5,517.12,509.48,515.22,2401774
17-Mar-16,517.47,519.5,505.58,509.2,2556742
18-Mar-16,511.48,516,507.67,514.2,2067534
21-Mar-16,516.5,523.67,516.12,522.8,2659398
22-Mar-16,523.25,528.3,520.35,526.92,2060132
23-Mar-16,526.53,526.53,520.28,524.67,4232150
28-Mar-16,522.5,526.5,520.83,523.75,5635434
29-Mar-16,523.75,529.75,522.12,526.9,3366976
30-Mar-16,529,534.95,526.95,532.47,3907190
31-Mar-16,533.42,539.45,532.53,535.58,10040196
01-Apr-16,534.4,538.2,528.4,532.22,2579324
04-Apr-16,532.6,536.4,532,534.53,3089980
05-Apr-16,534.5,538.45,527.83,528.72,3331514
06-Apr-16,530.5,533.47,528.38,530.75,2147688
07-Apr-16,532,532.38,523.53,527.75,1955846
08-Apr-16,527.5,531.67,527.12,529.67,1481398
11-Apr-16,530.15,537.05,521.42,535.47,2024810
12-Apr-16,534.8,535.5,529.62,531.5,2470740
13-Apr-16,536,542.47,534.75,540.88,2487302
18-Apr-16,541.75,546,535.8,543.9,2058534
20-Apr-16,545.95,550,541.78,548.92,1910676
21-Apr-16,547.5,552.58,544.5,545.58,4095864
22-Apr-16,544.75,550.42,542.6,546.08,3904660
25-Apr-16,550,550,542.25,546.62,2780980
26-Apr-16,547.5,557.5,546.25,556.92,3526898
27-Apr-16,554.92,562.5,554.5,562.1,2881818
28-Apr-16,562.1,568.35,555.17,556.97,4044792
29-Apr-16,556.9,568,553.1,566.17,2805970
02-May-16,563.88,565,558,558.83,1931358
03-May-16,560.95,567.5,556.58,559,2347648
04-May-16,558.75,567.25,557.12,563.67,2646164
05-May-16,564,567.38,561.35,566.15,2607124
06-May-16,566,566.12,558.62,559.83,1366576
09-May-16,560,572.47,559.5,570.7,3476590
10-May-16,571.75,573.75,568.05,572.45,2726500
11-May-16,567.35,572.5,564.85,569.4,3073686
12-May-16,572,576,566.25,574.55,2110844
13-May-16,574,574,565,570.45,2522658
16-May-16,572.5,582.95,566.28,581.4,2259384
17-May-16,582.53,584.62,575.65,576.72,2147712
18-May-16,575.5,575.5,565.75,570.33,2081322
19-May-16,570.05,571.35,566,569.65,1927898
20-May-16,569.97,574.25,566.8,570.45,1008316
23-May-16,570.97,574.97,566.6,568.38,1731766
24-May-16,569.2,571.83,567.78,569.97,1629734
25-May-16,573.15,587.97,573.15,586.65,2883674
26-May-16,588.05,594.45,583.12,591.62,6852780
27-May-16,591.62,595,588.35,593.4,2887592
30-May-16,593.5,597.5,589.05,589.88,1907266
31-May-16,592.95,592.95,588.7,590.95,2757820
01-Jun-16,591.47,591.47,585.5,587.58,2837816
02-Jun-16,587.35,590.3,585.5,587.47,3955308
03-Jun-16,590.05,592.5,584.53,585.88,2262210
06-Jun-16,588,591.2,585.03,585.55,2773654
07-Jun-16,588.47,590,583.83,586.85,2814252
08-Jun-16,587.9,589,580.5,581.3,2371406
09-Jun-16,581.25,582.1,576.25,579.7,2324092
10-Jun-16,579.2,586.35,578.1,580.67,3161156
13-Jun-16,577.38,582.47,575.53,576.45,1661618
14-Jun-16,577.5,578.5,572.12,575.92,1914384
15-Jun-16,577.5,585.45,576.6,584.78,1522912
16-Jun-16,583.28,584.42,577.67,581.08,2363884
17-Jun-16,583.5,589,582.78,585,1880826
20-Jun-16,579.5,589.62,579.4,586.03,1371382
21-Jun-16,587.5,587.72,580.6,583.33,1335484
22-Jun-16,583,587.5,583,585.75,1901920
23-Jun-16,584.9,595.92,583.75,595.05,1963366
24-Jun-16,579.92,585.95,573.5,580.95,5586982
27-Jun-16,581,584.5,576.53,579.97,2081894
28-Jun-16,580.62,586.55,575,583.47,2017490
29-Jun-16,582.5,584.75,579.85,584.15,2710334
30-Jun-16,585.5,590,581.08,588.22,8139446
01-Jul-16,590,592.5,585.9,587.25,2152438
04-Jul-16,589.1,589.75,585.7,586.4,3624926
05-Jul-16,586.4,587.15,581,582.8,1068164
07-Jul-16,583.95,594.38,580.45,592.83,2416308
08-Jul-16,592.55,592.8,585.62,587.42,1559434
11-Jul-16,593,600.95,590.53,599.88,2551266
12-Jul-16,604.95,604.95,597.78,601.08,3523016
13-Jul-16,599.9,600.97,596.65,598.88,3343536
14-Jul-16,600.5,601.08,596.1,600.17,1729834
15-Jul-16,601.9,613,597.55,611.85,2887108
18-Jul-16,612.5,619.25,611.33,613.72,2219242
19-Jul-16,614.5,615.38,606.92,609.17,1293002
20-Jul-16,611.5,619.25,610.88,616.1,2345166
21-Jul-16,615.35,619.95,611.25,614.3,4556452
22-Jul-16,616.67,617.33,610.75,615.4,2810136
25-Jul-16,616.5,624.72,613.5,623.47,4936442
26-Jul-16,621.2,622.83,617.58,619.4,2832996
27-Jul-16,620.5,623.78,615,618.47,5367368
28-Jul-16,619,625.62,617.78,624.22,5323264
29-Jul-16,624,625,617.5,623.1,1697838
01-Aug-16,624.5,629.47,613.83,621.15,2780432
02-Aug-16,623.5,628.22,620.2,621.65,2664698
03-Aug-16,620.55,624.97,615.5,620.22,2366938
04-Aug-16,623.3,623.35,616.8,620.5,2331440
05-Aug-16,623.7,627.83,620.88,624.62,2892456
08-Aug-16,626.45,627.5,622.28,624.8,2364388
09-Aug-16,626.45,626.45,618.85,623.6,2105428
10-Aug-16,622.5,625.47,609.88,613.45,1809860
11-Aug-16,613.4,617.5,611,614.12,1428036
12-Aug-16,615.53,617.5,609.7,614.35,2320748
16-Aug-16,616.5,619.22,606.9,613.65,1734284
17-Aug-16,616.7,618.75,613,617.45,2755518
18-Aug-16,619,627.45,617.28,626.25,3055828
19-Aug-16,625,625,620.72,623.55,2055318
22-Aug-16,622.53,627.22,620.5,625.15,2750646
23-Aug-16,625.5,627,623.03,625.72,2657262
24-Aug-16,626.03,632.1,623.53,630.9,2785468
25-Aug-16,632,633.4,627.15,629.28,4364944
26-Aug-16,630,630.95,626.95,628.55,1260568
29-Aug-16,627.75,627.75,618.1,619.05,1472092
30-Aug-16,622.55,635.25,621.97,634.33,4933804
31-Aug-16,634.5,647.5,632.75,645.6,5580682
01-Sep-16,644,645,637.7,641.85,2612338
02-Sep-16,642.75,644.5,640.58,642.55,1977594
06-Sep-16,645.03,651.95,645.03,650.2,2754442
07-Sep-16,650.5,652.5,641.55,643.38,2008222
08-Sep-16,645,647.62,641.8,644.7,1452690
09-Sep-16,645,647.25,639.15,645.2,2006884
12-Sep-16,637.35,642.2,635.75,639.95,1992864
14-Sep-16,637.5,638.5,632.7,634.72,1924754
15-Sep-16,636,641.95,634.92,639.8,1750906
16-Sep-16,641.9,652.25,641.9,648.92,3262908
19-Sep-16,648.5,651.25,644,645.08,2947416
20-Sep-16,646.33,647.5,642.03,644.22,1889124
21-Sep-16,646,649,643.95,646.5,2128200
22-Sep-16,652.5,658.47,650.28,653.45,3277900
23-Sep-16,653.03,659.22,650.75,656.35,2438404
26-Sep-16,653.05,654.45,646.85,648.08,2788386
27-Sep-16,649.5,653.08,647.42,649.03,2028406
28-Sep-16,649.95,650,644.5,647.62,2494826
29-Sep-16,648.97,653,633.97,638.75,8225006
30-Sep-16,638.55,640.5,633.7,636.42,2069214
03-Oct-16,640.5,644.95,638.2,643.6,1950274
04-Oct-16,644.3,647.5,641.15,644.78,1387756
05-Oct-16,649,650.03,638.2,643.05,1823510
06-Oct-16,643.55,647.8,639.53,640.97,1447856
07-Oct-16,642,643.88,638.12,640.3,1668732
10-Oct-16,642.5,643.95,639.38,642.17,2359656
13-Oct-16,639.5,639.5,628.22,631.38,2259678
14-Oct-16,632.88,634,627,630.9,2033558
17-Oct-16,632.75,633.2,616.38,618.85,2567680
18-Oct-16,621.6,630,619.5,628.92,1305484
19-Oct-16,630.55,631.5,624,629.17,1522452
20-Oct-16,630.12,633.72,625.5,627.75,1600178
21-Oct-16,628,636.47,625,635.35,1978204
24-Oct-16,635.88,638.42,630.53,631.78,1627832
25-Oct-16,634,634,622.03,625.15,2750898
26-Oct-16,621.67,632.5,617.53,619.65,2683270
27-Oct-16,619.5,628.5,612.08,626.05,5811930
28-Oct-16,627.25,630.95,620.05,629.53,2660268
30-Oct-16,631.65,631.65,625,626.65,383108
01-Nov-16,628,631.92,623.53,629.9,1701208
02-Nov-16,625.55,627.85,620.75,623.08,3237216
03-Nov-16,622.5,630,615.88,627.47,3157906
04-Nov-16,626.4,626.4,620.88,621.85,2867460
07-Nov-16,626,627.42,620,624.72,2835696
08-Nov-16,625.55,629,620.05,627.15,2674082
09-Nov-16,600,628.7,597.67,625.62,6822734
10-Nov-16,631.88,641.5,627.05,639.28,5350368
11-Nov-16,637,641,632.8,637.9,3569660
15-Nov-16,638.75,644.5,625.33,627.38,6256262
16-Nov-16,634,634,620.03,622.17,4323872
17-Nov-16,619.15,624.45,612.58,615.1,2407812
18-Nov-16,618,618,604.6,605.7,3439950
21-Nov-16,609.75,609.75,594.17,599.35,2776260
22-Nov-16,603.4,603.4,594.67,599.03,5008892
23-Nov-16,601.5,601.5,590.55,592.38,1766346
24-Nov-16,592,593.15,580.45,582.75,7642998
25-Nov-16,584.5,596.6,579,594.65,2984980
28-Nov-16,590.12,599.45,589.05,592.22,2065090
29-Nov-16,592.35,596.47,588.25,589.38,1966322
30-Nov-16,592.5,601,590.55,599.8,3221420
01-Dec-16,601.15,603.95,596.5,598.62,2238492
02-Dec-16,594.5,600.97,588.35,594.55,2031336
05-Dec-16,593.8,599.47,588.25,598.17,2275968
06-Dec-16,597.5,601.42,595.1,597.22,1351482
07-Dec-16,600.92,602.95,583.5,590.8,2814096
08-Dec-16,593.5,602.78,593.5,599.75,2154848
09-Dec-16,599.55,601.15,594,599.15,2193976
12-Dec-16,596,596.08,590.55,592.22,1712636
13-Dec-16,590.12,595.17,589.28,593.12,1263434
14-Dec-16,593.5,594,586.7,587.85,2157072
15-Dec-16,582.1,597.25,581.8,588.3,2470744
16-Dec-16,588.3,592.5,585.78,591.15,1627914
19-Dec-16,588.4,589.75,585.25,588.38,1580218
20-Dec-16,588,592.5,585.85,590.95,2094996
21-Dec-16,592,592.5,587.5,590,1329438
22-Dec-16,588.2,589.75,584.2,586.55,1402858
23-Dec-16,585.5,594.62,584.65,593.12,2376258
26-Dec-16,589.28,593.05,585.05,587.5,2091932
27-Dec-16,589.65,593.45,586.95,592.6,2449648
28-Dec-16,594.95,597.47,590.5,593.38,3253920
29-Dec-16,592.5,603.97,590.72,602.6,4050408
30-Dec-16,600,606,599.97,603.1,2033270
02-Jan-17,604.72,605.05,596.03,598.55,1854328
03-Jan-17,600.4,600.97,592.88,594.95,1923750
04-Jan-17,594.92,596,591.9,592.75,3483560
05-Jan-17,594.5,597.25,591.55,593.1,3388192
06-Jan-17,595.05,599.2,594.1,596.83,2762630
09-Jan-17,599.42,602.08,596.08,597.6,2286898
10-Jan-17,598.1,608.4,597.65,607.17,2773058
11-Jan-17,608.75,619.05,607.75,617,4671702
12-Jan-17,617.5,621.85,612.75,617.5,1458158
13-Jan-17,619.5,619.85,614.3,616.25,1925206
16-Jan-17,616.75,624.72,616.4,623.83,1882932
17-Jan-17,623.5,626.2,618.12,619.25,1779806
18-Jan-17,620.45,628,620.42,621.3,2306444
19-Jan-17,622.45,622.45,617.5,618.15,1756206
20-Jan-17,618,622.5,615,618.17,6971034
23-Jan-17,618,625,617.9,622.33,2396924
24-Jan-17,625,635.75,624.62,633.78,5130932
25-Jan-17,636.3,647.8,635.05,645.3,7818492
27-Jan-17,649.5,650,644,645.95,3426118
30-Jan-17,646.47,646.47,640.28,642.47,2659814
31-Jan-17,641.2,646.35,638.5,643.33,3050520
01-Feb-17,643.1,655,640.25,652.85,5455332
02-Feb-17,652.85,652.85,646.3,649.35,2985818
03-Feb-17,649.5,658,648.25,655.53,4002552
06-Feb-17,656.15,660,655.72,657.05,2155110
07-Feb-17,658,659,651.47,653.58,1705960
08-Feb-17,653.78,659.35,649.08,652.83,2470480
09-Feb-17,654.7,659.95,646.28,648.83,2232688
10-Feb-17,649.17,654.38,649,651.8,1648368
13-Feb-17,653.78,657.5,649.6,655.1,1397896
14-Feb-17,657,657,652,655.55,1223030
15-Feb-17,656,662,653.72,661.1,3063470
16-Feb-17,661.5,666.5,660.12,663.95,2521850
17-Feb-17,722.5,727,680.22,688.53,201129980
20-Feb-17,680.6,707.72,679.58,704.55,5283358
21-Feb-17,703.03,710.9,698.7,707.78,3130014
22-Feb-17,707.5,709.4,697.42,699.58,2648388
23-Feb-17,701.9,710.67,693.53,697.15,17247490
27-Feb-17,695.45,699.17,689.3,696.8,2340688
28-Feb-17,696.45,698.12,692.25,695.05,1464004
01-Mar-17,698.22,698.25,693.2,695.83,1740868
02-Mar-17,697.28,698,688.12,690.05,2300994
03-Mar-17,692.25,692.25,684.5,688.5,1246412
06-Mar-17,688.4,694.95,686.55,690.38,1839562
07-Mar-17,691.12,693.75,688.1,693.1,1556438
08-Mar-17,693.95,699.6,690.53,696.1,1891072
09-Mar-17,690.83,699.35,690.83,697.1,1754658
10-Mar-17,697.5,704,696.58,700.05,2930352
14-Mar-17,711.05,712.08,703.33,705.35,3577510
15-Mar-17,705.47,710,705.28,708.3,2135930
16-Mar-17,709.05,711.42,706.83,708.67,2490054
17-Mar-17,709.28,713.75,706.42,712.92,1695232
20-Mar-17,713.33,719.92,712.97,718.05,4071172
21-Mar-17,717,722.5,717,720.47,2778640
22-Mar-17,713.85,718.5,712.9,715.45,2818272
23-Mar-17,717.2,717.5,711.45,715.45,2461236
24-Mar-17,716.5,717.22,711,712.17,1905182
27-Mar-17,712,712,702.03,704.92,2932042
28-Mar-17,709.15,712.35,706.55,710.1,4030700
29-Mar-17,710.4,717.4,710,714.3,4287886
30-Mar-17,714,739.97,712.53,733.1,17160546
31-Mar-17,726.9,727,718.28,721.28,4825696
03-Apr-17,723,725.05,713,716.6,2074526
05-Apr-17,717.62,723.25,713.78,716.17,2872040
06-Apr-17,715.75,721.5,712.53,719.25,3062208
07-Apr-17,715.53,722.5,714.3,719.42,2324180
10-Apr-17,721.5,721.5,716.33,717.08,1696938
11-Apr-17,717,720.6,715.75,719.75,2178130
12-Apr-17,719.5,724.97,717.75,721.85,1782546
13-Apr-17,721.5,724.45,718.53,720.15,2402118
17-Apr-17,720.15,721.9,714.12,718.4,3568528
18-Apr-17,720,727.5,719,723.65,1819430
19-Apr-17,723.5,728.38,719,724.5,2169072
20-Apr-17,726.5,733.03,726.47,731.08,2890686
21-Apr-17,733,749.5,726.65,748.3,8629016
24-Apr-17,749.05,769.5,748.5,766.53,10103476
25-Apr-17,767.53,772.75,764.8,768.53,4528890
26-Apr-17,771.47,776.5,734.22,775.33,3897926
27-Apr-17,773.05,786.97,773.05,784.3,8090210
28-Apr-17,779.95,779.95,768.55,773.25,2718864
02-May-17,773.5,775.45,765.17,770.3,2003520
03-May-17,777.12,777.12,769.67,772.15,1253982
04-May-17,769.62,771.45,761.3,767.4,2565514
05-May-17,771.05,771.45,763.15,766.1,1378948
08-May-17,769,770,764.28,767.4,1873626
09-May-17,767.4,772.8,766.33,767.88,1672918
10-May-17,770,777.5,768.53,775.9,1171122
11-May-17,775.5,780,770.5,773.2,1937872
12-May-17,772.95,778.45,768.1,775.83,3073802
15-May-17,775,778.6,771.12,776.7,1402390
16-May-17,777.5,781,774.12,779.83,1795188
17-May-17,779.4,782.7,775.75,778.58,1736236
18-May-17,774.5,780.75,774.05,778.55,1553640
19-May-17,779.75,784.95,772.62,780.62,1427068
22-May-17,782.55,790,781.55,788,1430026
23-May-17,790,791.78,782.5,784.55,1540086
24-May-17,784.53,787.72,781,783.38,1733694
25-May-17,783.55,814.7,783.55,808.58,10045402
26-May-17,803.33,816,800.55,813,2721578
29-May-17,809.9,824,808.83,815.95,2958170
30-May-17,815,816.75,808.08,814.53,2217092
31-May-17,812.5,821.5,811.58,818.1,2659456
01-Jun-17,819.5,819.92,810.28,814.3,1679770
02-Jun-17,817,823.05,813.1,817.12,1606772
05-Jun-17,816.85,819.47,812.5,817.78,1449950
06-Jun-17,817.5,821.9,815,819.47,2501316
07-Jun-17,820.2,822.45,815.17,820.4,1277138
08-Jun-17,821.95,829.7,820.83,822.38,2124384
09-Jun-17,820.05,835,820.05,833.4,2652636
12-Jun-17,832,838,830,834.38,1985706
13-Jun-17,830.88,845.95,830.5,838.35,2525810
14-Jun-17,837.5,839.97,833.5,835.6,1929180
15-Jun-17,834,837.8,826.8,832.17,1763346
16-Jun-17,832.5,837.35,829.05,834.62,1877552
19-Jun-17,835.5,848,834.2,846.45,1912766
20-Jun-17,845,847,839.92,843.28,1830132
21-Jun-17,841.3,850.62,839.8,849.35,1705466
22-Jun-17,847.47,858,845.6,849,3337730
23-Jun-17,851,851.38,837.6,839.33,2608734
27-Jun-17,844.5,847.5,828.12,833.83,3000216
28-Jun-17,832.5,837.5,828.9,833.22,2224518
29-Jun-17,833.5,840.95,825.55,831.53,4593854
30-Jun-17,826.9,830,821.5,826.03,2165216
03-Jul-17,826.3,833.75,823.62,829.3,1752166
04-Jul-17,830.12,833.35,826,826.67,1883040
05-Jul-17,826.55,829.75,822.5,824.38,2007100
06-Jul-17,826.28,831.5,825.67,829.08,2285838
07-Jul-17,830.42,834.8,829,833.6,2758698
10-Jul-17,835.35,874,830.53,838.17,669538
11-Jul-17,838.78,845.4,833.55,840.2,2205140
12-Jul-17,840,842.5,829.28,840.62,2869446
13-Jul-17,844,846.65,839.83,841.78,2240502
14-Jul-17,841.95,843.03,836,839.97,1221626
17-Jul-17,841.28,843.83,838.5,841.17,1199670
18-Jul-17,839.85,843.92,838.67,841.78,1161094
19-Jul-17,842.5,848.1,840.92,846.15,1993622
20-Jul-17,846.95,857.5,844.08,855.45,1849238
21-Jul-17,857.05,857.62,850,851.53,1936754
24-Jul-17,855,870,847.5,867.55,9839088
25-Jul-17,879.5,879.5,866.53,869.83,5580234
26-Jul-17,871,877.5,866.25,873.78,1947672
27-Jul-17,878,899.4,875.78,894.83,8980856
28-Jul-17,886,893.25,880.55,889.25,4627698
31-Jul-17,888.78,895.5,883.28,892.2,3684570
01-Aug-17,890.92,904.58,886.1,898.6,4258430
02-Aug-17,903.5,903.5,891.03,895.83,3698958
03-Aug-17,894,896,887.2,889.97,2128392
04-Aug-17,888.5,898.38,883.08,895.12,1772534
07-Aug-17,893,898.22,892.5,894.28,959330
08-Aug-17,896.05,898.62,883.05,888.95,2017686
09-Aug-17,885.5,888.53,879.17,882.22,1635028
10-Aug-17,880,883,876.42,880.22,3894222
11-Aug-17,872.5,879,865.58,874.53,3179918
14-Aug-17,876.5,887.47,874,878.6,1788542
16-Aug-17,881.17,894.9,874.28,890.62,2213416
17-Aug-17,888.12,890.47,876.88,882.7,2727434
18-Aug-17,880,880.5,871.5,876.08,1853732
21-Aug-17,877,879.5,869.1,871.6,2004862
22-Aug-17,875.65,877,868.4,873.5,3304778
23-Aug-17,875,888.97,875,886.22,1680262
24-Aug-17,887.45,887.47,879.58,881.25,3939138
28-Aug-17,881.2,885.58,879.17,881.12,753892
29-Aug-17,879.5,879.5,869,873.08,2459298
30-Aug-17,875.97,885,875.03,884.28,1347160
31-Aug-17,886,889.92,878.2,888.22,3651718
01-Sep-17,890.5,890.72,880.55,883.8,1147586
04-Sep-17,882.5,882.5,873.05,875.45,1821262
05-Sep-17,878.5,882.45,875.5,877.67,1841218
06-Sep-17,871.88,881.4,869,879.95,2875816
07-Sep-17,880.05,888.38,880.05,883.28,3473210
08-Sep-17,886.7,895,885.5,893.83,4155832
11-Sep-17,896.5,914.5,895.1,911.67,5738838
12-Sep-17,913.85,919.95,909.15,917.6,3343840
13-Sep-17,917.5,924.5,912,920.92,2497688
14-Sep-17,920.08,926.25,915.75,919.7,4077008
15-Sep-17,918,925.9,916.72,924.47,1883666
18-Sep-17,926.78,932.22,926.25,930.22,2042464
19-Sep-17,932.45,934,923.78,924.85,2120734
20-Sep-17,924,930.72,922.62,924.42,1723064
21-Sep-17,924,924.25,915.35,919.55,3856248
22-Sep-17,917.4,919.47,910,912.05,4121762
25-Sep-17,911.22,911.22,896.3,899.88,5074614
26-Sep-17,894.53,898.3,892.5,896.15,5719366
27-Sep-17,898,902.8,885,888.25,3668610
28-Sep-17,887,899.5,881.65,897.65,13823232
29-Sep-17,900.05,911,898.12,902.85,3106816
03-Oct-17,904,910.5,898.55,904.42,2197212
04-Oct-17,903.95,905.95,896.67,898.5,3312552
05-Oct-17,897.5,902.5,896.55,899.3,1668098
06-Oct-17,899,902.22,897,900.05,1515330
09-Oct-17,899.4,901.5,895.25,897.75,1531246
10-Oct-17,899.5,907.47,896.33,901.35,1899090
11-Oct-17,901.62,907.62,893.8,895.08,2633720
12-Oct-17,897.55,910.72,894,909.4,2690780
13-Oct-17,913.35,928.28,911,925.4,3216732
16-Oct-17,930,936.62,921,928.58,1637272
17-Oct-17,925,926.85,919.55,925.62,1306644
18-Oct-17,920.5,937.5,919.5,934.25,1963360
19-Oct-17,930.9,932.5,920.33,924.2,285004
23-Oct-17,929.95,934.85,918.03,931.65,2081446
24-Oct-17,931.5,939.8,926.5,933.55,5664436
25-Oct-17,930,931.5,892.5,897.55,10683604
26-Oct-17,884,905,878.92,897.67,14285732
27-Oct-17,902.2,903.75,889.5,895.53,3736044
30-Oct-17,899.12,908,896.2,907.5,2711176
31-Oct-17,905.75,905.75,899.62,904.25,2341230
01-Nov-17,907.55,912.5,906,910.6,2095306
02-Nov-17,911.5,914.9,908.47,911.05,2368972
03-Nov-17,912.85,920,910.8,915.35,1905244
06-Nov-17,912.5,920,911.3,914.3,3074122
07-Nov-17,919,922.47,910.38,911.85,3723188
08-Nov-17,912.6,916.8,909.5,912.97,1641572
09-Nov-17,913.5,917.5,910.55,913.92,1556654
10-Nov-17,910.85,917.4,906.17,911,3872180
13-Nov-17,911,911.58,897.5,906.78,1667936
14-Nov-17,907.95,909.5,900,901.17,2356234
15-Nov-17,899,901.83,894,900.12,3074184
16-Nov-17,902,908,897.6,903.85,2006486
17-Nov-17,914.35,919.15,906.58,912.78,3179386
20-Nov-17,914.5,919.85,914.5,919.08,1196212
21-Nov-17,918.72,925,918.05,923.12,1137766
22-Nov-17,924.85,930,922.28,927.62,2830398
23-Nov-17,929.5,930,919,921.42,1616290
24-Nov-17,921.5,928.9,920.5,925.7,2601842
27-Nov-17,924.5,931,922.8,928.78,1935236
28-Nov-17,928,935.5,927.92,932.67,2545270
29-Nov-17,932.5,937.75,927.9,936.65,1637292
30-Nov-17,934.35,936.97,920,926.85,2898156
01-Dec-17,927.45,930,922.05,924.1,1929074
04-Dec-17,927.45,927.45,915.05,917.05,1820966
05-Dec-17,913,914.28,903.5,910.22,1946680
06-Dec-17,909.97,910.67,899.5,901.65,3197560
07-Dec-17,903.33,908.3,901.55,904.83,2115652
08-Dec-17,907,926.5,907,920.2,4478200
11-Dec-17,924,925.88,920,923.2,1599116
12-Dec-17,924.55,924.95,907.97,909.95,1205294
13-Dec-17,910.03,922.5,907.55,910.67,1453730
14-Dec-17,912,920,906,919.03,1841546
15-Dec-17,928,944,927.75,936.72,6225062
18-Dec-17,927.5,949.5,904.65,939.47,6148994
19-Dec-17,939.9,946.83,938.08,942.25,2476056
20-Dec-17,949.45,951.55,931.83,934.08,4671752
21-Dec-17,939.95,942.5,932.6,934.15,3427272
22-Dec-17,939.5,940,930.88,938.33,2235452
26-Dec-17,940.5,941.4,928.35,934.17,3392848
27-Dec-17,935.05,935.15,925.58,928.38,1744692
28-Dec-17,929.45,940.45,929,939.03,4350260
29-Dec-17,938.4,939.6,934.08,936.2,3172936
01-Jan-18,936.35,940.38,925.25,927.25,3290258
02-Jan-18,929.28,937.5,929.28,936.17,2388158
03-Jan-18,937.5,939.12,925.6,926.33,2265644
04-Jan-18,926.5,932.75,926.5,929.95,1186888
05-Jan-18,931.5,934.03,927.78,931.8,1435434
08-Jan-18,932.5,935.35,928.88,930.3,2285154
09-Jan-18,931,934.92,927.5,931.85,2652764
10-Jan-18,932.6,933.95,928.65,932.1,2307944
11-Jan-18,932.1,938,928.12,936.28,2029548
12-Jan-18,936.5,939.08,930,932.65,2168354
15-Jan-18,934.97,952.2,929.92,948.88,6288222
16-Jan-18,951.72,955,942.62,950.08,3222692
17-Jan-18,948.5,951.28,943.5,945.25,1452748
18-Jan-18,962,977,959.03,967.15,8324770
19-Jan-18,967.58,979.95,959.62,976.1,5727994
22-Jan-18,980,994,976.58,981.67,4424884
23-Jan-18,982.5,983.35,971.65,975.65,2523898
24-Jan-18,976.28,984.5,975.3,978.83,2395284
25-Jan-18,976.95,990,975.25,987.47,4361834
29-Jan-18,989,1003.47,989,999.83,4117946
30-Jan-18,998.9,1000.95,992.08,997.75,3198780
31-Jan-18,994.7,1006.75,993.5,1002.85,3471674
01-Feb-18,1003,1007.5,992.65,995.58,3260710
02-Feb-18,993,994.95,970.75,974,3673062
05-Feb-18,959,967.62,952.92,956.92,3963392
06-Feb-18,930,956,918.15,948.4,5374902
07-Feb-18,953.5,953.5,931.2,936.4,4182486
08-Feb-18,942,949.3,933.25,940.47,2585722
09-Feb-18,923.95,932.35,922.05,924.75,3204476
12-Feb-18,930,943,927.58,938.33,2190554
14-Feb-18,944.9,948.95,937.33,941.58,1788594
15-Feb-18,944.85,947.38,937.5,940.95,2457612
16-Feb-18,941.95,947.42,937.83,939.3,1791760
19-Feb-18,941.3,943.8,929.53,939.1,1827276
20-Feb-18,942.38,942.92,929.4,931.6,2042034
21-Feb-18,933.97,934.28,926.1,928.7,1376536
22-Feb-18,925,930,920.78,926.6,6626798
23-Feb-18,928.45,942.42,925.2,940.28,2038374
26-Feb-18,944.05,957.4,941.78,955.78,2394442
27-Feb-18,957.38,960.88,950,951.28,2393664
28-Feb-18,944.78,947.72,939,942.1,2033182
01-Mar-18,939.65,946.65,934,937.17,1954920
05-Mar-18,937.08,939,929.12,934.97,1890732
06-Mar-18,935,939.95,919.75,923.12,2288414
07-Mar-18,920,926.7,914.25,916.3,2814082
08-Mar-18,919.9,929.25,916,926.42,2759362
09-Mar-18,927.47,932.62,922,925.53,2054054
12-Mar-18,930.1,934.72,926.7,933.62,3278558
13-Mar-18,933.72,942.38,927.5,930.12,2562100
14-Mar-18,928,933.95,924,932.25,1840196
15-Mar-18,932.6,943.75,932.6,940.4,2935462
16-Mar-18,940,940.55,923.28,926.5,3948168
19-Mar-18,926.5,930,921.58,923.62,3919370
20-Mar-18,922.55,927.95,917.62,919.75,1828686
21-Mar-18,924,931.6,921.65,929.45,2960570
22-Mar-18,929.45,940,927.55,933.88,3336612
23-Mar-18,923.33,926.55,918.62,920.78,3595076
26-Mar-18,919.95,950,916.75,946.72,5250884
27-Mar-18,946.9,949.5,938,946.3,3068418
28-Mar-18,941.47,949.85,938.03,943.05,4418754
02-Apr-18,945.25,967.88,945.25,965.6,2298184
03-Apr-18,961.97,962.85,955.5,957.95,2039942
04-Apr-18,956.47,962.47,939.22,941.62,1857054
05-Apr-18,950.65,957,945.1,954.45,2429446
06-Apr-18,956.1,963.22,952.9,961.7,1860004
09-Apr-18,959.4,971,958.2,969.53,2001768
10-Apr-18,971.5,971.5,956.75,960.42,3033618
11-Apr-18,957.95,960,952.7,959.42,1435406
12-Apr-18,958,966.45,952.95,964.4,2356258
13-Apr-18,964,970,959.55,962.5,1648586
16-Apr-18,960,975,959.92,971.05,1423872
17-Apr-18,971.75,975.5,967.05,974.25,1333916
18-Apr-18,975.5,976.75,965.03,966.3,1356360
19-Apr-18,970,972.4,966.5,969.5,1584516
20-Apr-18,970.5,980.5,966.08,977.95,4680690
23-Apr-18,989.5,989.5,930.15,967.88,7652310
24-Apr-18,967.5,974.03,963,967.5,2518708
25-Apr-18,963.95,969,956,960.38,2010296
26-Apr-18,958.4,969.6,955.62,965.12,3923740
27-Apr-18,966.5,967.75,956.25,961.7,2888504
30-Apr-18,965,977.4,964.4,972.15,2304776
02-May-18,975,989,973,984.75,3550024
03-May-18,984.03,987.45,973,983.95,2076386
04-May-18,985,995,983.15,994.25,3440718
07-May-18,990.83,993.65,987.5,988.7,2632064
08-May-18,989.62,989.95,977.3,983.53,3550282
09-May-18,978.08,990.25,978.08,989.2,2163666
10-May-18,994.3,999.5,991,996.35,3585836
11-May-18,996.35,1008.5,993,1005.88,3028534
14-May-18,1008.6,1013.7,1006.2,1010.88,2371458
15-May-18,1013.53,1032.5,1013.35,1018.9,4913342
16-May-18,1015.28,1024.5,1008.58,1011.67,3420802
17-May-18,1011.92,1022.22,1006.25,1013.88,3307738
18-May-18,1012.35,1012.35,1001.75,1006.08,2608730
21-May-18,1008.05,1010.5,993.03,996.53,2424054
22-May-18,999.35,1006.97,992.75,994.95,1980186
23-May-18,993.9,997,981.7,983.75,2863146
24-May-18,983.55,995.12,978.17,993,2260372
25-May-18,995,1008,994.95,1004.35,2379794
28-May-18,1003.9,1026,1003,1021.1,2551970
29-May-18,1019,1026.35,1014.4,1016.3,1675622
30-May-18,1009.85,1026.5,1008.15,1024.18,2433498
31-May-18,1050,1080,1040,1069.72,19819596
01-Jun-18,1058,1069,1050.5,1055.3,10575678
04-Jun-18,1075,1078.5,1018.97,1023.1,44398162
05-Jun-18,1025,1033.47,1011.5,1031.8,8552730
06-Jun-18,1030.1,1032.4,1022.5,1028.68,4891000
07-Jun-18,1036.6,1039.9,1026.6,1031.1,5281948
08-Jun-18,1029.5,1030.62,1017.5,1024.68,3090444
11-Jun-18,1025.95,1031.47,1019.4,1021.15,3545594
12-Jun-18,1025.95,1026.35,1019.2,1021.92,2617128
13-Jun-18,1026,1027.4,1012.05,1015.72,3948980
14-Jun-18,1015,1022.5,1012.5,1018.7,8463788
15-Jun-18,1013,1019.45,1011.15,1014.8,5440408
18-Jun-18,1015.05,1019.4,1004.55,1009.58,3743702
19-Jun-18,1012.47,1020.35,1009.65,1011.75,5490576
20-Jun-18,1013,1029,1012.5,1028.07,4525856
21-Jun-18,1030,1035.4,1023.53,1028.8,6755352
22-Jun-18,1028.47,1044.4,1024.93,1041.68,3924490
25-Jun-18,1041.53,1048.9,1036.53,1047.47,3496168
26-Jun-18,1043.03,1051.5,1039.93,1046.85,4580966
27-Jun-18,1046.5,1059.75,1045,1056.3,9563402
28-Jun-18,1057.5,1070,1055.6,1065.43,18766770
29-Jun-18,1060.85,1070,1052.55,1054.22,9729060
02-Jul-18,1054.18,1054.2,1031.62,1036.62,4932438
03-Jul-18,1036.62,1042.5,1032.8,1035.1,3431550
04-Jul-18,1038.12,1054.03,1034.5,1051.78,3048996
05-Jul-18,1052.5,1064.5,1046.28,1061.88,4867984
06-Jul-18,1056.65,1067.78,1055.68,1057.57,4060672
09-Jul-18,1060.93,1065,1053.88,1062.82,3091148
10-Jul-18,1064.95,1074.8,1062.5,1073.2,5475368
11-Jul-18,1072.53,1077.85,1067.4,1074.12,2928960
12-Jul-18,1076.45,1089.93,1076,1082.97,4010334
13-Jul-18,1084.2,1095.4,1081.55,1090.45,3580594
16-Jul-18,1089.7,1095.03,1081.88,1084.43,4508668
17-Jul-18,1081.62,1090.5,1081.62,1088.38,3180962
18-Jul-18,1093.5,1110,1086.82,1088.1,8730136
19-Jul-18,1091.5,1096.75,1085.5,1093.05,2652388
20-Jul-18,1093.05,1101.43,1085.55,1094.53,5003482
23-Jul-18,1075,1089,1069.03,1078.22,8440066
24-Jul-18,1073.5,1084.5,1073.5,1079.88,2604396
25-Jul-18,1082.32,1088.4,1080,1085.18,3519308
26-Jul-18,1082.5,1101.72,1082.5,1096.3,10640546
27-Jul-18,1100.97,1105.97,1092.35,1101.07,5277298
30-Jul-18,1099.5,1099.5,1079.7,1084.95,3584560
31-Jul-18,1080,1092.95,1075.03,1089.75,4430472
01-Aug-18,1081.4,1087.5,1075.85,1079.35,3035780
02-Aug-18,1076.75,1076.85,1060.68,1065.1,4452852
03-Aug-18,1066.78,1073.53,1057,1060.82,6802004
06-Aug-18,1060.5,1068.7,1053.05,1057.15,2872316
07-Aug-18,1062.5,1067.25,1054,1065.45,3714228
08-Aug-18,1067.93,1075.9,1066.53,1068.18,4972690
09-Aug-18,1071,1071,1047.32,1059.25,4472204
10-Aug-18,1061.75,1061.9,1049,1057.22,2721470
13-Aug-18,1042,1051.97,1040,1045.82,5027126
14-Aug-18,1049,1052.5,1043.6,1044.55,2467982
16-Aug-18,1041.5,1043.35,1033.2,1037.85,5312580
17-Aug-18,1041.45,1046.53,1035.82,1038.68,3032664
20-Aug-18,1037.5,1053.8,1037.5,1048.1,3905568
21-Aug-18,1049,1056,1046.32,1048.03,3888160
23-Aug-18,1052.5,1053.5,1038.43,1039.95,6287276
24-Aug-18,1035.5,1046.8,1033.03,1034.93,4857314
27-Aug-18,1038.5,1044.25,1035.12,1040.22,6287394
28-Aug-18,1044,1049.12,1039.4,1047.43,4986766
29-Aug-18,1046.07,1047.03,1036.38,1039.25,4936846
30-Aug-18,1041.8,1043.95,1030.93,1033.05,10913730
31-Aug-18,1034.6,1039.38,1029.12,1030.6,7885750
03-Sep-18,1034.7,1039.47,1031.75,1037.53,3830804
04-Sep-18,1038.45,1038.97,1024.5,1025.9,3565268
05-Sep-18,1026.9,1030.1,1017.78,1022.92,2820754
06-Sep-18,1024.5,1029.5,1016.3,1026.1,5201206
07-Sep-18,1025.5,1030,1020.38,1028.47,2959650
10-Sep-18,1027.5,1027.5,1012.55,1020.58,4299296
11-Sep-18,1023.15,1024,997.08,1000.2,9093268
12-Sep-18,1000.95,1010.67,994.78,1005.92,6123004
14-Sep-18,1009.92,1018.7,1009.47,1014.8,5167336
17-Sep-18,1010.65,1011.47,994,996.1,4669110
18-Sep-18,997.45,1004.92,990.47,994.6,4662868
19-Sep-18,997.42,999,978.25,980.67,8356132
21-Sep-18,986.95,999.92,955.1,985.12,11305074
24-Sep-18,983.62,986.1,957.5,962.85,6695396
25-Sep-18,962.85,981,957.5,976.2,8341276
26-Sep-18,981.47,989,977.65,984.1,7363362
27-Sep-18,984.7,993,977.58,988.08,9176104
28-Sep-18,990.33,1007.72,988.58,1003.03,7230358
01-Oct-18,1004.9,1021,998.9,1017.72,6224794
03-Oct-18,1015.22,1026.1,1003.5,1015.58,7666074
04-Oct-18,1004,1008.9,971.5,978.88,8985292
05-Oct-18,976.97,995,970.08,982.65,7864590
08-Oct-18,982.5,984.5,965,972.5,10064010
09-Oct-18,972.2,982.5,965,970.3,6229682
10-Oct-18,972.5,991.12,967.75,983.58,7969966
11-Oct-18,962.5,974.15,958.8,968.78,7179952
12-Oct-18,972.5,998.55,971,990.92,4800160
15-Oct-18,995,1005.4,985.15,1004.03,6292984
16-Oct-18,1001.5,1009.1,993.75,996.38,4703002
17-Oct-18,1003.05,1006.5,981.75,987.3,3970398
19-Oct-18,979.45,990.42,979,983.88,4933674
22-Oct-18,1007,1010,994.3,999.45,10165580
23-Oct-18,986.5,999.45,986.5,992.42,9714282
24-Oct-18,1002,1004.4,986.3,996.12,9036168
25-Oct-18,986.8,1001.8,981.22,984.4,14923528
26-Oct-18,984.4,988.6,974.5,980.6,7577856
29-Oct-18,982.05,982.47,947.6,963.15,8522140
30-Oct-18,962.5,966,949.65,956.38,6914352
31-Oct-18,951.03,958.95,942.5,955.88,11724702
01-Nov-18,965,965,948,956.1,9814526
02-Nov-18,963,980,956,974.72,15046434
05-Nov-18,974.95,979.83,969,978,2852648
06-Nov-18,977.5,988,971.47,973.28,4242794
07-Nov-18,980.5,982.47,975,978.97,479380
09-Nov-18,979.1,979.95,968.15,972.7,5050810
12-Nov-18,975.75,981,958.58,960.53,3953882
13-Nov-18,959.5,968.85,954.1,963.88,6675210
14-Nov-18,969.28,980,968.3,978.88,13055318
15-Nov-18,980.95,988.65,965.6,987.58,5196262
16-Nov-18,990.5,1006.5,990,1002.15,7906608
19-Nov-18,1005.5,1010.5,1000.95,1006.95,6143214
20-Nov-18,1006.5,1009.8,999.53,1006.22,2852584
21-Nov-18,1006.38,1011.97,1002,1009.38,3272802
22-Nov-18,1006.62,1017.5,1000.08,1002.75,6487276
26-Nov-18,1006.95,1026,1006.03,1024.9,9092218
27-Nov-18,1020.53,1033.95,1020.38,1032,6447720
28-Nov-18,1032.5,1049.3,1030.05,1044.62,6510554
29-Nov-18,1050.5,1068.7,1047,1065.53,15954318
30-Nov-18,1065,1068.78,1055,1064.22,6520462
03-Dec-18,1065.5,1071,1053.45,1056.65,5399928
04-Dec-18,1052.7,1055.5,1039.3,1042.78,4078710
05-Dec-18,1039,1052.65,1037.97,1049.6,5899422
06-Dec-18,1044.85,1050.82,1042.5,1048.53,5865126
07-Dec-18,1053.35,1059,1040.15,1053.8,4951960
10-Dec-18,1032.95,1052.4,1032.95,1044.38,5457528
11-Dec-18,1028,1035.65,1016,1029.78,9452890
12-Dec-18,1033.47,1044.9,1030.05,1042.65,5685244
13-Dec-18,1047.5,1062.5,1045.65,1050.65,3532118
14-Dec-18,1052.45,1059,1044.03,1047.85,3079142
17-Dec-18,1052,1066.3,1049.5,1065.1,4218662
18-Dec-18,1062,1069.5,1051.3,1067.72,3706984
19-Dec-18,1066.55,1079.7,1056.78,1061.72,4504948
20-Dec-18,1056.28,1070.22,1051.32,1068.72,3990238
21-Dec-18,1067,1074.55,1054.53,1055.57,5110154
24-Dec-18,1052,1052,1038.68,1040.32,2800744
26-Dec-18,1038.5,1063.5,1034.5,1061.18,3800958
27-Dec-18,1066.5,1069.1,1049.22,1052.53,5819934
28-Dec-18,1058.68,1068.88,1057.75,1061.45,4707806
31-Dec-18,1068.5,1068.5,1058.35,1060.85,2933264
01-Jan-19,1063.82,1075.5,1052.8,1074.05,3186720
02-Jan-19,1071.4,1073.75,1059.85,1064.25,4067116
03-Jan-19,1062.1,1064.12,1051.5,1055.9,6385832
04-Jan-19,1057.62,1064.25,1055.18,1058.72,3643560
07-Jan-19,1063.85,1067.68,1059,1060.32,2693506
08-Jan-19,1061,1061.75,1048.32,1051.5,4171730
09-Jan-19,1059,1060.68,1051.3,1058.4,4284314
10-Jan-19,1058.5,1061.9,1046.32,1054.25,3845770
11-Jan-19,1056.9,1062,1054,1055.95,3204020
14-Jan-19,1054.95,1054.95,1049.22,1050.82,2427580
15-Jan-19,1052.53,1063.25,1051,1060.95,2543778
16-Jan-19,1060.03,1062.5,1054.12,1060.1,2626226
17-Jan-19,1062.62,1067.95,1056.68,1066.15,4120114
18-Jan-19,1067.5,1069.5,1057.28,1065.12,2603988
21-Jan-19,1069.97,1083.25,1063.25,1074.07,8780756
22-Jan-19,1073,1073.4,1064.53,1067.93,4398488
23-Jan-19,1067,1067.93,1050.72,1052.7,3812144
24-Jan-19,1055,1060.82,1048.95,1051.12,5055786
25-Jan-19,1046.5,1055,1045,1048,5631118
28-Jan-19,1045,1051.03,1038.38,1042.07,7680218
29-Jan-19,1039.12,1041.5,1026.5,1028.8,7381394
30-Jan-19,1028.62,1028.62,1014,1017.35,9257080
31-Jan-19,1015.5,1044.88,1011,1039.97,8289702
01-Feb-19,1039.97,1058.5,1038.3,1045.22,7827094
04-Feb-19,1047.5,1056.5,1041.32,1052.45,3969144
05-Feb-19,1054,1059.5,1048.5,1057.03,4345144
06-Feb-19,1058.12,1063.5,1056.8,1061.32,5437842
07-Feb-19,1062.53,1065,1052.93,1058.62,3608654
08-Feb-19,1056,1072.47,1053.32,1061.32,6117822
11-Feb-19,1056.65,1071.45,1056.65,1069.82,3518182
12-Feb-19,1069,1074,1062.4,1064.85,4886194
13-Feb-19,1067.78,1077.5,1066.15,1071.72,4720374
14-Feb-19,1070,1070,1052.8,1055.1,3720694
15-Feb-19,1053.68,1054.05,1039.1,1050.32,4208262
18-Feb-19,1053.4,1059,1043,1044.95,3569372
19-Feb-19,1044.85,1054.07,1039.1,1042.03,2634318
20-Feb-19,1044.25,1055.5,1040.95,1054.18,2446250
21-Feb-19,1050.85,1059.97,1046.8,1057.95,2630772
22-Feb-19,1059.7,1064.05,1044.55,1045.72,4445354
25-Feb-19,1047.57,1064.97,1047.57,1062.7,4070298
26-Feb-19,1055.62,1062.5,1050.55,1055.32,4803714
27-Feb-19,1058.05,1062.22,1044.07,1046.12,3515046
28-Feb-19,1046.55,1052.93,1036.6,1038.78,5822688
01-Mar-19,1043.12,1050.45,1038.5,1041.68,4676464
05-Mar-19,1044.45,1055.55,1035,1053.55,5918638
06-Mar-19,1055,1055.15,1045.28,1052.12,4229022
07-Mar-19,1054.8,1065,1047.5,1063.25,5102426
08-Mar-19,1057.53,1065,1054.72,1064.1,3526730
11-Mar-19,1066,1071.85,1061.1,1064.22,4612054
12-Mar-19,1073.5,1087.5,1068.5,1085.5,7548646
13-Mar-19,1087.5,1117,1086.05,1113.28,28583174
14-Mar-19,1122.43,1123.75,1105.3,1112.38,7689932
15-Mar-19,1115.5,1129.95,1114.03,1126.5,6381544
18-Mar-19,1130.95,1145.82,1123.5,1130.72,7179360
19-Mar-19,1134.75,1137.95,1125.5,1133.88,5978996
20-Mar-19,1134.5,1150,1130.53,1149.5,5855996
22-Mar-19,1150,1153.5,1135.4,1138.07,15201940
25-Mar-19,1130,1143.93,1126.5,1140.65,4599630
26-Mar-19,1137.95,1157.5,1136.3,1155.68,5893424
27-Mar-19,1159.28,1164.03,1139.53,1149.72,6942650
28-Mar-19,1149.4,1162.5,1143.93,1151.4,9777164
29-Mar-19,1152.3,1162.5,1147,1159.45,5973484
01-Apr-19,1162.62,1166,1152.3,1155.9,4823538
02-Apr-19,1160,1160,1142.72,1147.43,5455248
03-Apr-19,1146.05,1158,1144.12,1146.38,3829726
04-Apr-19,1146.38,1156.5,1140,1141.97,4605776
05-Apr-19,1143.9,1156.88,1141,1152.8,4175590
08-Apr-19,1159.5,1161.47,1140.05,1144.7,3199066
09-Apr-19,1148.3,1151.5,1133.5,1143.62,5388800
10-Apr-19,1125,1142,1115.5,1118.68,54064350
11-Apr-19,1122.45,1131.5,1118.47,1128.75,4396650
12-Apr-19,1126.05,1136.1,1126.05,1132.62,4585222
15-Apr-19,1135,1146.45,1132.18,1144.4,5109890
16-Apr-19,1145.47,1154.95,1140.15,1152.53,4136888
18-Apr-19,1156.5,1157.53,1144,1146.82,5307428
22-Apr-19,1162.5,1162.5,1130.5,1134.35,10490210
23-Apr-19,1138.78,1145,1120.8,1122.65,7641200
24-Apr-19,1125,1141.95,1123.53,1139.88,6177064
25-Apr-19,1143.45,1149.4,1128.97,1131.72,9043318
26-Apr-19,1132.95,1142.5,1128.45,1140.47,5853784
30-Apr-19,1142.5,1160,1139.2,1158.72,6268418
02-May-19,1161.75,1179.82,1158.75,1177.9,8584650
03-May-19,1182.1,1189,1178.25,1183.97,6175760
06-May-19,1174,1175.95,1158.53,1164.22,6874046
07-May-19,1175.95,1179,1159,1161.18,4962102
08-May-19,1161.28,1161.9,1144,1153.62,6032104
09-May-19,1150,1150,1135.8,1145.45,4513862
10-May-19,1145.68,1162.45,1145.68,1148.25,5297100
13-May-19,1148.03,1156.68,1140,1143.6,5535816
14-May-19,1148.35,1155.5,1137.78,1143.95,5247372
15-May-19,1148,1153.6,1141.1,1143.35,4478174
16-May-19,1140.28,1159.5,1140,1155.32,4025068
17-May-19,1156.5,1184.65,1155.8,1181.05,7379390
20-May-19,1204,1219.35,1190,1216.18,8849816
21-May-19,1219,1224.7,1199.72,1201.85,5162588
22-May-19,1205.93,1213,1197.12,1202.88,5693330
23-May-19,1204.5,1219.95,1159.55,1166.05,16540998
24-May-19,1179.85,1193.07,1170.07,1186.68,6846400
27-May-19,1189.45,1210.95,1186.12,1204.18,6024512
28-May-19,1208.25,1210,1193.53,1208.1,3682420
29-May-19,1205.1,1215.4,1205.1,1208.45,3737608
30-May-19,1208,1223.95,1206.53,1219.78,4679600
31-May-19,1228.4,1232.5,1178.4,1212.68,9892540
03-Jun-19,1213.5,1229.9,1212.47,1228.55,4240430
04-Jun-19,1227.5,1232.88,1220.53,1226.15,3221494
06-Jun-19,1226.6,1235,1206.68,1211.68,7817462
07-Jun-19,1212.82,1227.12,1204.5,1223.82,3985466
10-Jun-19,1234.97,1234.97,1216.05,1220.1,3538570
11-Jun-19,1225.75,1229.95,1220.18,1224.2,3551646
12-Jun-19,1222.5,1224.2,1211.82,1213.53,3654310
13-Jun-19,1217.97,1226,1207.97,1222.35,5553974
14-Jun-19,1221.47,1229.47,1212.5,1217.55,5978460
17-Jun-19,1217.5,1219.95,1208.65,1211,6405010
18-Jun-19,1209,1216,1202,1208.62,6209826
19-Jun-19,1213.5,1222.45,1208.35,1214.18,5372138
20-Jun-19,1214.18,1218.5,1207.3,1213.18,5585746
21-Jun-19,1213,1214.85,1202.82,1207.1,6625130
24-Jun-19,1205.97,1215.3,1205,1208.97,3457500
25-Jun-19,1209.93,1220.75,1201.5,1214.35,4449900
26-Jun-19,1212.35,1235,1211,1233.95,5266818
27-Jun-19,1234.38,1247.25,1228.07,1231.15,9939618
28-Jun-19,1232,1237.5,1218.53,1221.88,6378422
01-Jul-19,1228,1244.5,1225.03,1242.78,4262080
02-Jul-19,1244,1248.75,1233.6,1247.5,3623414
03-Jul-19,1249.5,1251.65,1241.5,1244.82,3731628
04-Jul-19,1247.4,1248.95,1236,1241.9,3996982
05-Jul-19,1242.55,1247.47,1230,1236.2,3791530
08-Jul-19,1237.28,1237.3,1198.53,1204.8,7303570
09-Jul-19,1201.93,1205.4,1186.5,1189.57,8241344
10-Jul-19,1189.38,1199,1183.12,1194.38,5784574
11-Jul-19,1201.5,1207,1197.82,1203.57,4548798
12-Jul-19,1209,1209,1192.53,1196.95,4488136
15-Jul-19,1198,1201.5,1188.68,1197.38,4116592
16-Jul-19,1209,1209,1191,1195.6,6385284
17-Jul-19,1196.47,1205.8,1195.65,1198.72,3879868
18-Jul-19,1201.5,1214.5,1200.95,1205.95,5401292
19-Jul-19,1207.5,1210.35,1183.5,1187.82,4469614
22-Jul-19,1172.5,1174.93,1140.62,1148.62,11085648
23-Jul-19,1147.25,1147.25,1121.03,1131.75,13901432
24-Jul-19,1128.38,1146.5,1125.5,1140.45,8681870
25-Jul-19,1142.5,1157.72,1140.12,1143.03,9731004
26-Jul-19,1139.1,1146.82,1136.43,1138.65,6414914
29-Jul-19,1136.78,1136.78,1111.53,1122.15,4988246
30-Jul-19,1127.5,1135.6,1119.95,1126.12,5197068
31-Jul-19,1120,1133.5,1117.12,1125.82,6945920
01-Aug-19,1114.55,1120,1098.5,1110.9,9120838
02-Aug-19,1105.5,1112,1091,1107.18,13912768
05-Aug-19,1098.53,1100,1081.25,1089.62,9911220
06-Aug-19,1083.5,1105.12,1083.5,1094.55,12445470
07-Aug-19,1095,1101,1082.5,1092,9375068
08-Aug-19,1099,1121.5,1091.5,1116.57,9855800
09-Aug-19,1123.5,1144.5,1119.9,1141,15218056
13-Aug-19,1136.65,1136.65,1101.3,1110.18,7720034
14-Aug-19,1117.7,1117.7,1101.53,1114.72,7127026
16-Aug-19,1107,1116.5,1102.05,1113.85,7623780
19-Aug-19,1119.25,1121,1100.85,1103.43,4249100
20-Aug-19,1104.62,1113.9,1103.43,1110.3,5135296
21-Aug-19,1112.45,1120.6,1107.1,1112.93,5236356
22-Aug-19,1110.43,1110.43,1083.53,1087.05,6996022
23-Aug-19,1080.5,1088.5,1069.8,1081.35,10049808
26-Aug-19,1097.45,1133.07,1083.5,1128.07,12640122
27-Aug-19,1128,1136.45,1120.05,1129.97,10330416
28-Aug-19,1125,1128.68,1113.18,1123.75,6831294
29-Aug-19,1123,1126.85,1110.15,1113.47,7391858
30-Aug-19,1116.75,1130,1111,1113.97,9616660
03-Sep-19,1110,1110.5,1098.07,1105.47,5714338
04-Sep-19,1103.5,1137,1099.5,1123.88,7530352
05-Sep-19,1124.5,1136.2,1112.5,1117.57,8648126
06-Sep-19,1114,1128.3,1110.65,1122.95,6435002
09-Sep-19,1123,1130.45,1108.05,1124.8,5321702
11-Sep-19,1137,1137,1120.57,1125.65,7604558
12-Sep-19,1125.35,1144.4,1124.07,1135.43,9066150
13-Sep-19,1125.5,1133.72,1119,1128.72,7685670
16-Sep-19,1125.95,1131.32,1120.5,1122.07,5515092
17-Sep-19,1123.95,1124.25,1099.05,1105.68,5328278
18-Sep-19,1108.65,1112.07,1090,1093.88,6479942
19-Sep-19,1099.9,1107.05,1084,1101.05,5311655
20-Sep-19,1108,1209.9,1105.4,1199.6,23075017
23-Sep-19,1259.55,1282.7,1229,1257.25,20960205
24-Sep-19,1250,1261.95,1227.55,1253.8,11689524
25-Sep-19,1249.9,1249.9,1230.1,1239.7,7804488
26-Sep-19,1239.8,1275,1236.35,1242.5,15335780
27-Sep-19,1248.25,1253.5,1237.6,1244.2,7436585
30-Sep-19,1228.8,1240,1216.5,1227.45,9109229
01-Oct-19,1231.5,1255,1221.1,1248.8,9384176
03-Oct-19,1239.95,1243.8,1216.35,1223.55,8149438
04-Oct-19,1236.65,1239.6,1185.3,1189.7,9201816
07-Oct-19,1201.2,1219.85,1181.15,1186.9,11256610
09-Oct-19,1197.1,1229.9,1190,1228.15,8713635
10-Oct-19,1221.8,1225.95,1197.2,1200.55,5778429
11-Oct-19,1213.4,1224,1188.95,1198.8,8593159
14-Oct-19,1209,1219.9,1197.4,1204.4,6133901
15-Oct-19,1207,1225,1206.85,1223.05,4200187
16-Oct-19,1231.65,1235,1210.1,1221.1,5293408
17-Oct-19,1227.5,1229.85,1213.1,1220,6121807
18-Oct-19,1225.45,1233.85,1220.35,1229,5616903
22-Oct-19,1257,1257,1232.6,1239.3,10003114
23-Oct-19,1246.85,1249.75,1233,1241.6,5095107
24-Oct-19,1248,1254.15,1226.35,1236.1,6553747
25-Oct-19,1240,1246.85,1220,1229,6496771
27-Oct-19,1239.95,1241.9,1235,1237.7,875425
29-Oct-19,1238,1257.35,1237.7,1242.5,7116284
30-Oct-19,1246.9,1262.7,1243,1248.35,6005683
31-Oct-19,1257.7,1263.9,1227.1,1230.35,6608853
01-Nov-19,1239,1243.75,1227.6,1240.05,5756130
04-Nov-19,1246.45,1250,1229.05,1236.85,4967588
05-Nov-19,1241,1244.8,1229.05,1239.5,6183905
06-Nov-19,1242.45,1259,1228.05,1256.65,6065168
07-Nov-19,1261,1269.7,1250,1263.7,8481517
08-Nov-19,1259,1267,1251.45,1255.6,6625748
11-Nov-19,1252.55,1268.5,1250.5,1264.75,7143305
13-Nov-19,1261.95,1270,1253.6,1257.55,4646748
14-Nov-19,1263.8,1277,1257.2,1273.9,5527609
15-Nov-19,1283.85,1285,1271.1,1277.9,4639506
18-Nov-19,1277,1279.45,1258.7,1262.05,4565146
19-Nov-19,1265.3,1275,1261.1,1271.9,5285289
20-Nov-19,1273,1282.95,1267,1273.35,5527129
21-Nov-19,1270.25,1287,1268.35,1283.35,6009763
22-Nov-19,1283.65,1283.65,1262,1264.75,3844005
25-Nov-19,1264.15,1279.5,1264.15,1271.1,3946778
26-Nov-19,1278.45,1279.75,1266.95,1275.05,4358001
27-Nov-19,1276,1285.75,1271.2,1278.4,4790333
28-Nov-19,1280.2,1283.05,1262,1265.3,6183020
29-Nov-19,1267.7,1279.9,1252,1274.95,7783813
02-Dec-19,1273.95,1273.95,1258.6,1265.75,4473102
03-Dec-19,1268.2,1269,1253.8,1255.4,3495953
04-Dec-19,1252.5,1256.9,1234.2,1251.65,5697807
05-Dec-19,1255.6,1258.75,1240.75,1245.6,6386247
06-Dec-19,1248.95,1260,1238.2,1246.05,6887325
09-Dec-19,1249.5,1249.85,1237.55,1242.95,4132675
10-Dec-19,1251,1253.65,1245.1,1249.5,4894450
11-Dec-19,1250.1,1254,1242.5,1248.75,5527321
12-Dec-19,1253,1269.45,1253,1263.6,6456574
13-Dec-19,1265,1272.35,1259.25,1263.85,5887593
16-Dec-19,1269.25,1270,1248.2,1257.35,5663788
17-Dec-19,1260,1274.8,1255.35,1271.1,6213677
18-Dec-19,1283,1299,1273.65,1292.35,8723586
19-Dec-19,1305,1305.5,1286.1,1288.8,6509188
20-Dec-19,1288.75,1299.6,1280.05,1296.7,7513022
23-Dec-19,1299,1304,1288.8,1302.4,5097891
24-Dec-19,1298.6,1301.1,1286.95,1289.15,3589604
26-Dec-19,1289.7,1291.85,1264.65,1270.45,7474879
27-Dec-19,1272,1279,1270,1275,3546496
30-Dec-19,1282,1288.75,1274.05,1282.15,4667095
31-Dec-19,1281.95,1281.95,1268.65,1272.1,4178528
01-Jan-20,1276.1,1280,1270.6,1278.6,1836849
02-Jan-20,1279,1288,1279,1286.75,3068583
03-Jan-20,1282.2,1285,1263.6,1268.4,5427775
06-Jan-20,1260,1261.8,1236,1240.95,5445093
07-Jan-20,1258.9,1271.45,1252.25,1260.6,7362247
08-Jan-20,1246.95,1262.15,1240.05,1257.3,5666055
09-Jan-20,1265,1275.8,1263.1,1271.4,4773158
10-Jan-20,1284.1,1286.9,1275.1,1282.7,4607290
13-Jan-20,1282.7,1296.5,1276,1286,3725784
14-Jan-20,1289,1292.55,1277.5,1289.5,3943145
15-Jan-20,1286.4,1287.95,1274.1,1284.25,5893724
16-Jan-20,1282.05,1291,1279.35,1287.65,3575200
17-Jan-20,1281.75,1284.9,1271.9,1278.15,8459407
20-Jan-20,1304.85,1304.85,1252.5,1254.9,11089225
21-Jan-20,1250,1250,1238.4,1244.35,7492402
22-Jan-20,1248.05,1255,1234.4,1240.85,9184155
23-Jan-20,1240,1246.85,1231,1244.85,5754460
24-Jan-20,1246,1254,1239.1,1244.55,5915878
27-Jan-20,1235,1235,1211.75,1213.2,9444276
28-Jan-20,1218.8,1227.8,1213.25,1223.2,6706079
29-Jan-20,1225.3,1242,1222.25,1235.85,6894175
30-Jan-20,1238.95,1238.95,1217.2,1226.05,6055992
31-Jan-20,1231.45,1237.8,1220.25,1226.3,5589134
01-Feb-20,1220,1227.7,1191.35,1198.7,4913643
03-Feb-20,1197,1197.95,1177.7,1192.8,6538505
04-Feb-20,1198,1234,1198,1229.8,10448852
05-Feb-20,1234.9,1248,1227.3,1244.65,9010341
06-Feb-20,1244.65,1248.7,1237.2,1239.8,5913775
07-Feb-20,1246,1247,1231.6,1242.2,3407724
10-Feb-20,1242.95,1242.95,1226.05,1240.3,4609917
11-Feb-20,1243.3,1255,1238.05,1240.6,5806760
12-Feb-20,1245.2,1252.9,1244.05,1249,3148965
13-Feb-20,1259.9,1259.9,1233.6,1241.4,4556070
14-Feb-20,1243.2,1248.4,1215,1219.35,7344429
17-Feb-20,1225,1233,1214.45,1217.15,5076345
18-Feb-20,1216.9,1218.5,1203.5,1213.25,5264558
19-Feb-20,1222.5,1230,1213.9,1227.2,5006134
20-Feb-20,1230,1230,1214.1,1217.1,5561707
24-Feb-20,1208.95,1214.75,1200,1209.95,8284042
25-Feb-20,1204,1209,1198,1200.3,6943340
26-Feb-20,1197.5,1204.7,1185.65,1199.25,6907393
27-Feb-20,1195,1202.5,1181,1199.45,10327549
28-Feb-20,1175.5,1185,1170.1,1177.65,12156528
02-Mar-20,1200.2,1201.15,1166.15,1179.6,7332449
03-Mar-20,1175,1185.35,1168,1181.8,11184775
04-Mar-20,1178.35,1180,1133.1,1148.85,17144435
05-Mar-20,1153,1165,1142.75,1151.35,9774854
06-Mar-20,1125,1140.9,1101,1134.9,11526783
09-Mar-20,1110,1118.4,1065,1107.3,17210297
11-Mar-20,1105,1120,1092,1113.8,17769198
12-Mar-20,1075,1080,1003.45,1021.3,29500406
13-Mar-20,980.05,1081.45,919.2,1069.8,33171603
16-Mar-20,1035,1037,995,999.5,15993174
17-Mar-20,1008,1010,954.7,975.1,21338641
18-Mar-20,985,993,865,876.9,30593809
19-Mar-20,847,919.95,795,895.55,33610239
20-Mar-20,875,914.6,824.55,882.85,44319015
23-Mar-20,794.6,838.75,765,771.55,25142273
24-Mar-20,795.25,810,738.75,767.7,30528676
25-Mar-20,770.45,867.45,755.25,856.75,23614449
26-Mar-20,870.1,937.7,841,901.1,28521681
27-Mar-20,944.95,988.65,872.1,904.45,27619436
30-Mar-20,880,887,828,831.65,19634313
31-Mar-20,853.8,873.6,838,861.9,17605997
01-Apr-20,863.85,863.85,820,829.65,14551758
03-Apr-20,843,844,810,813.85,17499063
07-Apr-20,874,907.3,845.35,896.1,30206626
08-Apr-20,879.95,945,866.1,888.9,28109877
09-Apr-20,913,930.9,890,925.05,22229012
13-Apr-20,934,946.7,886.2,895.35,17079259
15-Apr-20,930.5,930.5,843,863.3,28989523
16-Apr-20,865,890.7,856.25,879.75,26927231
17-Apr-20,915,920,887.25,910.3,27941831
20-Apr-20,951,960.95,935,944.85,33116614
21-Apr-20,925,934,908,921.65,16589148
22-Apr-20,919.15,933,907.3,928.6,19144678
23-Apr-20,935,958.5,912.55,954.95,20450895
24-Apr-20,933,958.4,926,938.05,16642831
27-Apr-20,945.15,957.4,926.3,929.7,13710727
28-Apr-20,943.8,943.8,922,931.4,14720773
29-Apr-20,935,992.7,934.1,977.1,27939019
30-Apr-20,1001.4,1019,992.1,1001.8,21897643
04-May-20,957.5,960,917.5,923,13361177
05-May-20,938,944,908.05,911.45,14837190
06-May-20,919,950,905.65,946.4,16893140
07-May-20,940.5,943.3,921.35,925,10916003
08-May-20,942,943.95,925.2,929.05,10403747
11-May-20,937,954,914,915.8,14275392
12-May-20,901,909.4,871.1,901.55,24784324
13-May-20,951,960,922.1,927.65,22173554
14-May-20,898,911,890,893.7,19777445
15-May-20,890.5,892.4,875,888.15,12174870
18-May-20,888,888,831.3,836.65,23326656
19-May-20,860.85,867.3,826.1,830.65,23730561
20-May-20,836.45,864,832.2,857.1,20007413
21-May-20,861.45,884,852.3,859.55,24239683
22-May-20,850,870.3,833.05,838.85,21025849
26-May-20,857,871.75,848.75,852.4,19002589
27-May-20,859.9,909.8,857.15,903.65,28013227
28-May-20,920,950,913.95,945.25,37744926
29-May-20,944,955,923.45,951.65,26512600
01-Jun-20,975,995,966.1,987.65,19595373
02-Jun-20,986.7,1005,975.2,1001,20811909
03-Jun-20,1020,1046.25,1015.45,1022.25,25273067
04-Jun-20,1028.05,1038.95,991.1,1001.7,27139478
05-Jun-20,1003.1,1042.4,1002.8,1033.35,17598103
08-Jun-20,1060,1066.65,1006.4,1015.9,24906362
09-Jun-20,1020,1026.75,979.55,987.3,30922894
10-Jun-20,990,999.85,978.2,991.85,18248880
11-Jun-20,985,988.4,965,968.6,15449142
12-Jun-20,928,986.65,928,982.75,21322880
15-Jun-20,968,974,943,949.85,16004973
16-Jun-20,975,993.95,952,990.4,22700113
17-Jun-20,989,998.9,973.25,979.25,18479504
18-Jun-20,980,1024.9,972,1019.95,20435469
19-Jun-20,1017.95,1043,1012.15,1033.35,23939324
22-Jun-20,1039.45,1045.95,1023.8,1028.75,14847321
23-Jun-20,1039,1045,1016.55,1042.3,14415640
24-Jun-20,1048.5,1057.5,1030.05,1032.5,19714664
25-Jun-20,1021.9,1049,1007,1028.75,35323457
26-Jun-20,1041,1063,1028,1056.45,19986677
29-Jun-20,1037,1082.6,1037,1076.05,23003725
30-Jun-20,1074,1078.55,1056.3,1065.85,17873316
01-Jul-20,1065.85,1096,1061.3,1084.6,17423378
02-Jul-20,1090.3,1111.25,1085.2,1089.4,18477248
03-Jul-20,1093,1095.8,1070,1073.95,13798879
06-Jul-20,1107.95,1119.9,1100,1103,17779243
07-Jul-20,1109.4,1111.7,1093.05,1105.15,12175425
08-Jul-20,1107,1124.9,1105,1110.35,15028412
09-Jul-20,1118,1129.7,1107.25,1124.95,10057717
10-Jul-20,1117.9,1120,1099.55,1105.1,8781604
13-Jul-20,1109.9,1113,1071.3,1080.25,14961695
14-Jul-20,1062.6,1068.9,1050,1058.85,13306511
15-Jul-20,1070.2,1079,1050.1,1053.15,10487246
16-Jul-20,1053.65,1065.5,1034.1,1062.55,11831256
17-Jul-20,1059.05,1104,1058.3,1098.45,14202933
20-Jul-20,1135,1152.9,1124.15,1133.05,32562064
21-Jul-20,1152.05,1157.95,1134,1138.55,23757768
22-Jul-20,1138.5,1144.5,1117.55,1126.35,12359024
23-Jul-20,1125,1143.9,1116.25,1130.4,10074805
24-Jul-20,1122.9,1122.9,1101.25,1119.1,9799222
27-Jul-20,1099.85,1103,1075.35,1079.5,18985167
28-Jul-20,1079,1094.4,1059.5,1086.65,17798330
29-Jul-20,1081,1088.5,1055.55,1064.6,16796652
30-Jul-20,1074,1083.65,1046.7,1050.65,13478951
31-Jul-20,1057.7,1057.7,1020.05,1032.8,18865230
03-Aug-20,1025.95,1026.95,993,1002,15891781
04-Aug-20,1008,1061.05,1003,1041.65,30153418
05-Aug-20,1047.95,1055.8,1020,1027.55,16610696
06-Aug-20,1037,1055,1026.25,1040.7,16823558
07-Aug-20,1034.85,1047.2,1020.6,1043.85,12418816
10-Aug-20,1044,1064,1043.8,1050.65,11086465
11-Aug-20,1048.5,1071,1048.5,1066.65,10068150
12-Aug-20,1065,1066,1048,1063.7,10333222
13-Aug-20,1067.95,1071.35,1056.5,1059.05,9946370
14-Aug-20,1065.9,1065.9,1027.3,1034.45,10462350
17-Aug-20,1047,1047,1020.2,1032.75,9780591
18-Aug-20,1028,1061.65,1022,1056.5,12020562
19-Aug-20,1065,1069.8,1056.25,1066.6,8858056
20-Aug-20,1054.95,1068.95,1052,1059,9608591
21-Aug-20,1065.4,1088.8,1064.6,1085.65,14462237
24-Aug-20,1086,1122.95,1085.65,1117.05,18389929
25-Aug-20,1119,1127,1106.2,1119.7,13800972
26-Aug-20,1121,1131.75,1109.5,1118.45,12595131
27-Aug-20,1125.8,1129.9,1106.25,1112.1,10323015
28-Aug-20,1111.95,1125,1095,1114.5,19349069
31-Aug-20,1129.5,1148.8,1100.7,1115.85,19250721
01-Sep-20,1128,1143.6,1108,1127.3,14438949
02-Sep-20,1124.1,1139,1120.7,1134.15,9880855
03-Sep-20,1137.25,1145.95,1128,1130.9,9916701
04-Sep-20,1110,1125.4,1104.4,1119.3,11830686
07-Sep-20,1116.3,1119.5,1099,1110.5,8807764
08-Sep-20,1114,1118.8,1103,1112.45,7312460
09-Sep-20,1101,1110,1091.25,1096.5,7864545
10-Sep-20,1103,1104.85,1084,1090.55,7594209
11-Sep-20,1096.45,1104.85,1071,1078.65,10397545
14-Sep-20,1088,1094,1052.35,1057.95,10825874
15-Sep-20,1068,1076.15,1058.1,1070.5,8252566
16-Sep-20,1070.2,1096,1068.35,1093.65,9355126
17-Sep-20,1084,1094,1078,1083.6,9159413
18-Sep-20,1092,1092.2,1047.2,1057.3,11740889
21-Sep-20,1055,1071.35,1041.5,1049.3,9921439
22-Sep-20,1054.05,1058.15,1029.5,1035.4,9310339
23-Sep-20,1046,1055,1034.35,1047.25,8039935
24-Sep-20,1038,1047,1025,1030.4,9904895
25-Sep-20,1050,1051.95,1025.65,1044,10160775
28-Sep-20,1048.95,1059,1042.65,1054.2,8076211
29-Sep-20,1058,1069.9,1051,1062.55,6322274
30-Sep-20,1060,1086.9,1052,1078.6,9407038
01-Oct-20,1090.1,1110,1090.1,1106.95,10601566
05-Oct-20,1112,1132,1111,1114.35,8470109
06-Oct-20,1135.05,1148,1126.2,1144.1,9685997
07-Oct-20,1144.9,1164.85,1137.6,1162.25,10624527
08-Oct-20,1180,1203,1163.35,1191.8,17530368
09-Oct-20,1201,1237,1191.65,1233.55,22486215
12-Oct-20,1231.55,1242.75,1205.6,1213.65,9610277
13-Oct-20,1213.4,1222.45,1195,1198.45,9177015
14-Oct-20,1195.55,1214.3,1175.5,1211.5,11291473
15-Oct-20,1214.2,1217,1164,1169.25,14123569
16-Oct-20,1180,1203.5,1173,1199.35,12911559
19-Oct-20,1235,1235,1192.6,1203.55,21179884
20-Oct-20,1207.5,1227.4,1205.9,1223.95,13705994
21-Oct-20,1230.6,1251,1221.7,1246.7,17820565
22-Oct-20,1239.95,1250,1223,1233.3,10956548
23-Oct-20,1243.5,1248.45,1231.2,1235.8,7933126
26-Oct-20,1229.8,1242,1204.6,1210.9,9786023
27-Oct-20,1226,1236,1197.85,1233.1,12158922
28-Oct-20,1228,1232,1201.5,1209.6,8285625
29-Oct-20,1200.6,1204.45,1178.5,1187.2,11530152
30-Oct-20,1182.55,1199.3,1176.35,1183.55,5761470
02-Nov-20,1194.35,1225,1177.5,1215.25,10963040
03-Nov-20,1226.45,1250.75,1225.5,1247.95,14082115
04-Nov-20,1252,1264.8,1230,1257.4,11702411
05-Nov-20,1266,1276,1252.35,1269.2,10716964
06-Nov-20,1266.25,1310,1265.5,1307.65,17852862
09-Nov-20,1315.2,1345.95,1315.2,1340.55,13144220
10-Nov-20,1357,1395,1351.55,1393.65,20758678
11-Nov-20,1399.9,1414.8,1370.5,1389.95,18058097
12-Nov-20,1377.4,1388.55,1360,1371.7,13526974
13-Nov-20,1368.8,1368.8,1347,1358.8,11236240
14-Nov-20,1367.8,1374.95,1365.2,1369.7,917533
17-Nov-20,1385.8,1412.6,1380.6,1408.45,15529950
18-Nov-20,1403,1419,1399.05,1408.7,9431388
19-Nov-20,1389.7,1399.45,1368,1374.35,10133441
20-Nov-20,1372.65,1408.4,1365.05,1403.65,10202681
23-Nov-20,1415,1423.65,1375.35,1394.6,12623318
24-Nov-20,1408,1445,1402.05,1438.2,20077200
25-Nov-20,1451.3,1464.4,1397,1402.8,12076301
26-Nov-20,1415,1432,1387,1426.65,13971563
27-Nov-20,1431.8,1446,1415.55,1440.85,8997290
01-Dec-20,1440.85,1449,1425.5,1433.3,8573787
02-Dec-20,1431,1431.8,1394.8,1406.95,8946075
03-Dec-20,1429,1432,1374.05,1377.2,18966611
04-Dec-20,1381,1401.45,1373.3,1385.6,13456161
07-Dec-20,1375,1379.95,1358.1,1372.25,12158159
08-Dec-20,1375,1388.8,1365.15,1376.3,9728948
09-Dec-20,1377,1410.05,1375.05,1407.2,11034537
10-Dec-20,1398,1402,1375.75,1385.85,9863983
11-Dec-20,1390.05,1395,1373,1382.8,10678192
14-Dec-20,1383,1388,1368,1372.15,8611025
15-Dec-20,1380.8,1394.95,1366,1391.3,10780718
16-Dec-20,1404,1416.8,1394.5,1410.7,8416046
17-Dec-20,1418.6,1445,1404.5,1441.8,10962239
18-Dec-20,1435,1439.7,1406.3,1411.35,11497959
21-Dec-20,1417.5,1423.85,1366.7,1372.65,11880912
22-Dec-20,1384.8,1384.8,1345,1373.1,11425779
23-Dec-20,1367.5,1380.95,1361.05,1375.65,7733697
24-Dec-20,1389.4,1404,1377,1397.1,7476094
28-Dec-20,1405,1421,1404,1412.85,5849597
29-Dec-20,1421.05,1434.75,1420,1427.2,7247673
30-Dec-20,1439.9,1439.9,1413,1432.5,8108363
31-Dec-20,1435,1444,1425.05,1436.3,11072875
01-Jan-21,1440,1443,1420.6,1425.05,4405469
04-Jan-21,1438,1438,1399,1416,7870096
05-Jan-21,1419.2,1430.75,1409,1426.7,7193412
06-Jan-21,1435,1440,1413.1,1420.55,11067025
07-Jan-21,1432.5,1432.6,1412.55,1416.25,9947421
08-Jan-21,1432,1442,1423.1,1431.65,6884382
11-Jan-21,1450,1464.9,1436.3,1451.45,8665696
12-Jan-21,1452.45,1487.7,1449.1,1481,10194078
13-Jan-21,1492.9,1496.9,1462.1,1470.65,8467325
14-Jan-21,1471.15,1488,1456,1468.75,6148583
15-Jan-21,1469.1,1471.65,1445,1466.65,7082618
18-Jan-21,1469.9,1502.85,1467,1483.1,21412816
19-Jan-21,1491.8,1511.65,1467,1503.85,8680127
20-Jan-21,1501,1501,1486,1492,6673026
21-Jan-21,1492,1494.35,1468.15,1474.8,13166527
22-Jan-21,1467.9,1467.9,1440.15,1443.55,7696182
25-Jan-21,1465.1,1481,1455.15,1462.85,10172359
27-Jan-21,1468,1471.9,1406.15,1409.6,11778138
28-Jan-21,1389.9,1401.3,1342,1371.45,21352223
29-Jan-21,1391.35,1408.75,1364.5,1390.5,14352251
01-Feb-21,1410.25,1482.5,1401,1476.75,13185272
02-Feb-21,1501,1578.5,1497.4,1560.55,21210103
03-Feb-21,1579,1581.7,1542,1574.8,10118627
04-Feb-21,1566,1588,1543.45,1579.1,12242342
05-Feb-21,1548,1618.25,1548,1597.6,13527358
08-Feb-21,1620,1631.65,1595.7,1605.25,8723790
09-Feb-21,1610,1628,1586.7,1611.85,9210683
10-Feb-21,1608.35,1614.85,1567,1581.75,9894003
11-Feb-21,1582,1597.8,1564.2,1572.35,6824309
12-Feb-21,1573.9,1592.5,1573,1581.95,4955053
15-Feb-21,1600.1,1625,1596.7,1616.6,5177622
16-Feb-21,1621.2,1641,1608.45,1626.65,6948679
17-Feb-21,1620,1621.8,1583,1586.5,6397213
18-Feb-21,1605.95,1605.95,1548,1554.3,7360280
19-Feb-21,1545,1564.2,1533,1539.1,8569754
22-Feb-21,1545.05,1573.9,1539.45,1548,14725919
23-Feb-21,1553.75,1557.7,1522.65,1529.15,9119953
24-Feb-21,1526.5,1613.95,1516.25,1606.45,7157166
25-Feb-21,1609.75,1636.25,1602,1606.4,10054785
26-Feb-21,1587.05,1588.9,1521,1534.4,13956423
01-Mar-21,1564,1572.55,1540.7,1558.9,6768009
02-Mar-21,1575.7,1587.5,1551,1568.2,8055019
03-Mar-21,1584,1596,1565,1586.85,5611205
04-Mar-21,1548.55,1571,1539.1,1552.05,8145719
05-Mar-21,1531,1545.6,1521.1,1530,8722911
08-Mar-21,1542,1555,1512.5,1519.5,7558525
09-Mar-21,1545,1565.7,1538.25,1562.5,7533348
10-Mar-21,1572,1575,1552.15,1555.75,5527508
12-Mar-21,1600,1600,1535.05,1551.95,7815602
15-Mar-21,1548.4,1548.4,1515.3,1528.65,6115242
16-Mar-21,1530.9,1540.4,1510,1512.15,6861183
17-Mar-21,1524.25,1539,1490.2,1495.35,10532214
18-Mar-21,1511.75,1522.05,1481.15,1491,9032770
19-Mar-21,1485,1511.2,1474.05,1497.5,10617510
22-Mar-21,1494.9,1494.9,1460.4,1469.15,7007816
23-Mar-21,1470,1507.45,1469.1,1500.15,9880714
24-Mar-21,1490.9,1506.45,1471,1478.8,8184450
25-Mar-21,1490.2,1495.55,1450.25,1463.35,11982178
26-Mar-21,1494,1499,1474,1491.3,6010629
30-Mar-21,1506.65,1562.55,1501.55,1553.7,12804032
31-Mar-21,1548,1548,1488,1493.65,15387253
01-Apr-21,1499.4,1499.4,1465,1486.75,17881881
05-Apr-21,1480,1485,1431,1449.6,8003293
06-Apr-21,1460,1462.65,1432.65,1440.25,7537867
07-Apr-21,1439.3,1456.7,1421.55,1447.2,12544090
08-Apr-21,1453,1460.9,1430.5,1432.8,8806796
09-Apr-21,1426,1432.8,1415.1,1421.75,14078908
12-Apr-21,1393,1399,1353,1367.05,11274564
13-Apr-21,1368,1406.45,1361,1400.35,9300341
15-Apr-21,1405,1436.7,1391,1430.1,17222492
16-Apr-21,1434.95,1445,1423.5,1428.65,7803263
19-Apr-21,1390,1417.7,1372.3,1412.4,12034621
20-Apr-21,1425,1426.4,1383.95,1391.4,11593135
22-Apr-21,1380,1426.8,1371.05,1422.5,19242656
23-Apr-21,1409,1434.6,1400.2,1414.15,11356764
26-Apr-21,1413,1429,1402.75,1404.8,15085476
27-Apr-21,1407.25,1442,1404.8,1438.7,10296453
28-Apr-21,1436.25,1479,1431,1476.8,12051970
29-Apr-21,1486.2,1503.65,1461,1472.5,12039276
30-Apr-21,1445,1453.8,1407.5,1412.3,17616451
03-May-21,1393,1421.9,1377.3,1414.45,11236850
04-May-21,1409.95,1423,1383.3,1388.35,10743164
05-May-21,1401,1409.6,1381.7,1402.6,7210806
06-May-21,1407.6,1410.8,1395,1400.9,5738522
07-May-21,1412.95,1424.95,1410.25,1414.75,6024167
10-May-21,1427,1430,1412.8,1419.85,5530025
11-May-21,1396,1424.2,1395.05,1403.55,7259517
12-May-21,1399.75,1408.6,1388.85,1399.5,6887463
14-May-21,1394.35,1398.9,1382.35,1386.85,5302071
17-May-21,1395.15,1442.6,1381.3,1440.25,7560346
18-May-21,1458.95,1482.75,1455,1476.7,11082640
19-May-21,1470.2,1478.85,1452.55,1458.2,5065458
20-May-21,1458.35,1465.9,1428.5,1432.8,5342092
21-May-21,1443,1501.9,1443,1497.3,9670823
24-May-21,1503.25,1520.45,1498.5,1509.95,11073051
25-May-21,1510.5,1513.75,1470.5,1478.95,9618487
26-May-21,1480,1487,1470,1477.05,6141995
27-May-21,1473.1,1489,1462.45,1482.65,10219748
28-May-21,1490.9,1513,1478.75,1503.45,8875010
31-May-21,1500,1519.5,1487.5,1515.85,7830527
01-Jun-21,1520.3,1527,1507.25,1511.7,5515081
02-Jun-21,1510,1510.2,1493,1504,5312008
03-Jun-21,1508,1524.95,1487.75,1520.55,5143630
04-Jun-21,1516,1520.65,1499.2,1500.95,4712238
07-Jun-21,1510,1514,1496,1499.85,4045834
08-Jun-21,1496.55,1501.3,1481.5,1483.05,4936270
09-Jun-21,1483.9,1502,1472.05,1480.3,5111721
10-Jun-21,1482.1,1489,1473.65,1481.05,5741770
11-Jun-21,1491,1496.55,1481.05,1486.35,3602987
14-Jun-21,1478.25,1486,1462.55,1479.45,4440982
15-Jun-21,1486,1496,1474.8,1490.25,3784801
16-Jun-21,1488,1494,1478.1,1484.6,3851049
17-Jun-21,1466,1478.75,1460,1466.1,4641901
18-Jun-21,1469.5,1490,1455,1479.8,5969030
21-Jun-21,1461.35,1491.8,1459,1488.7,3630236
22-Jun-21,1497,1508,1480,1483.8,7183412
23-Jun-21,1490,1497.8,1478.6,1485.5,3922434
24-Jun-21,1490,1513.45,1488,1506.25,7392512
25-Jun-21,1511.1,1522,1507,1515.1,5191588
28-Jun-21,1520,1523,1505,1508.35,4678393
29-Jun-21,1507,1508.2,1492.15,1502.05,5485846
30-Jun-21,1498,1509,1494.1,1497.9,4839511
01-Jul-21,1502,1502,1483,1486.75,8455721
02-Jul-21,1485,1489.25,1477,1480.4,7413518
05-Jul-21,1489.95,1504.5,1484.55,1495.45,3686941
06-Jul-21,1497,1540,1496,1534.7,8834516
07-Jul-21,1534,1545.35,1527.7,1539.5,4814595
08-Jul-21,1525,1537.7,1513.45,1520.45,4210461
09-Jul-21,1512.55,1516,1497.5,1502,5347921
12-Jul-21,1502,1502,1484,1487,7229489
13-Jul-21,1496.1,1506.1,1484.1,1501.85,9089071
14-Jul-21,1497.5,1507.35,1491.1,1499.15,4894247
15-Jul-21,1505,1526.75,1499.65,1520.7,5219401
16-Jul-21,1527.95,1529.95,1518.8,1522.35,2585314
19-Jul-21,1487,1488.85,1466,1471,12555800
20-Jul-21,1442,1454,1436.15,1443.15,12087125
22-Jul-21,1456.1,1468.5,1445,1448.7,6603557
23-Jul-21,1451.5,1457.45,1435.3,1442.75,6563342
26-Jul-21,1430,1444,1428.1,1434.55,6583583
27-Jul-21,1436.1,1449.9,1436.1,1439.75,11200715
28-Jul-21,1435.05,1438.7,1404,1417.3,10335171
29-Jul-21,1428.25,1429.95,1413.3,1418.25,6851115
30-Jul-21,1419,1431.75,1407.95,1426.45,5827744
02-Aug-21,1435,1435,1416.25,1422.65,6629393
03-Aug-21,1410,1439.9,1410,1434.7,6016560
04-Aug-21,1441,1474.5,1440,1465.3,11026974
05-Aug-21,1467.1,1507.05,1457.4,1484.85,9411204
06-Aug-21,1483.55,1500,1474,1492.65,6669635
09-Aug-21,1492,1507.35,1476,1503.9,5499024
10-Aug-21,1489,1519.75,1489,1507.65,7419173
11-Aug-21,1514.9,1518.85,1491.05,1494.95,6292893
12-Aug-21,1497,1507.6,1489.3,1501.4,4298837
13-Aug-21,1501.2,1531,1501,1526.2,8329214
16-Aug-21,1526.15,1535,1521.45,1530.6,3126389
17-Aug-21,1517.2,1524,1505.3,1514.65,4141333
18-Aug-21,1556.7,1565.35,1508.35,1513,11492966
20-Aug-21,1486.05,1519.8,1486.05,1514.75,6575203
23-Aug-21,1529.85,1533.15,1508.65,1524.6,5421527
24-Aug-21,1530,1564.5,1527.45,1558.85,9190657
25-Aug-21,1552.1,1564.8,1548,1557.4,3863987
26-Aug-21,1550,1571,1543.45,1554.8,5559501
27-Aug-21,1552,1558.65,1545.25,1548.45,3191069
30-Aug-21,1555.6,1570,1551.6,1568.25,4524583
31-Aug-21,1563.5,1583.35,1562.2,1581.4,6031288
01-Sep-21,1575,1598,1574.5,1579.1,6211279
02-Sep-21,1574.1,1592,1571.25,1589,4809262
03-Sep-21,1586.1,1598,1568.3,1576.05,5367667
06-Sep-21,1579.95,1580.95,1561.95,1565.7,3938448
07-Sep-21,1562.5,1582,1555.2,1569.25,3622748
08-Sep-21,1571.95,1580.5,1565.6,1576.4,3362040
09-Sep-21,1574,1579.45,1561,1568.6,4125474
13-Sep-21,1562,1584,1553.65,1555.55,4479582
14-Sep-21,1560,1564.5,1546.6,1548.55,4879253
15-Sep-21,1535,1554.8,1535,1546.8,7411499
16-Sep-21,1537.75,1564.3,1536.3,1559.95,5130275
17-Sep-21,1569,1589,1559.2,1582.15,10249051
20-Sep-21,1564,1581.7,1558,1559.85,4390805
21-Sep-21,1562,1568.65,1528.95,1551.95,7387498
22-Sep-21,1549,1550.15,1530,1533.7,5291101
23-Sep-21,1542,1572,1542,1570,6832152
24-Sep-21,1579,1607.95,1575,1601.55,10403351
27-Sep-21,1615.7,1635.5,1608,1625.1,8207731
28-Sep-21,1632,1632,1582,1615.05,6386895
29-Sep-21,1597,1606.6,1585.15,1593.85,8131518
30-Sep-21,1586,1606.35,1583.1,1594.95,7987674
01-Oct-21,1583,1589,1565.25,1582.7,5564298
